transaction_id,donor_id,transaction_type,amount,balance_after,reason,status,transaction_date,reference_id
TXN000001,D0027,Debit,-371.61,1400.8,Withdrawal,Completed,2026-01-02 15:25:05,REF000001
TXN000002,D0052,Debit,-386.48,2456.43,Withdrawal,Completed,2026-03-13 15:25:05,REF000002
TXN000003,D0156,Credit,367.58,3414.81,Donation Completed,Completed,2026-05-04 15:25:05,REF000003
TXN000004,D0170,Debit,-135.48,3714.66,Certificate Fee,Completed,2026-01-07 15:25:05,REF000004
TXN000005,D0271,Debit,-207.39,1050.17,Withdrawal,Completed,2026-02-28 15:25:05,REF000005
TXN000006,D0045,Credit,351.82,3009.18,Bridge Participation,Completed,2026-05-27 15:25:05,REF000006
TXN000007,D0301,Credit,381.86,4627.5,Bridge Participation,Completed,2026-05-18 15:25:05,REF000007
TXN000008,D0483,Debit,-173.59,4948.22,Event Registration,Completed,2026-04-16 15:25:05,REF000008
TXN000009,D0274,Credit,151.13,2091.06,Donation Completed,Completed,2026-04-03 15:25:05,REF000009
TXN000010,D0457,Debit,-298.18,3586.63,Event Registration,Completed,2026-02-15 15:25:05,REF000010
TXN000011,D0035,Debit,-264.31,4762.22,Event Registration,Completed,2026-06-01 15:25:05,REF000011
TXN000012,D0086,Debit,-64.63,1448.28,Certificate Fee,Completed,2026-01-13 15:25:05,REF000012
TXN000013,D0032,Credit,298.01,2662.35,Event Participation,Completed,2026-01-26 15:25:05,REF000013
TXN000014,D0498,Credit,275.1,2546.39,Bridge Participation,Completed,2026-01-14 15:25:05,REF000014
TXN000015,D0400,Debit,-226.75,1034.62,Event Registration,Completed,2026-06-06 15:25:05,REF000015
TXN000016,D0082,Credit,451.66,3953.23,Donation Completed,Completed,2026-02-10 15:25:05,REF000016
TXN000017,D0258,Debit,-116.39,1481.82,Event Registration,Completed,2026-03-30 15:25:05,REF000017
TXN000018,D0283,Credit,189.57,2667.83,Bridge Participation,Completed,2026-03-24 15:25:05,REF000018
TXN000019,D0021,Credit,470.9,1352.17,Referral Bonus,Completed,2026-05-24 15:25:05,REF000019
TXN000020,D0329,Credit,313.84,7.0,Bridge Participation,Completed,2026-03-10 15:25:05,REF000020
TXN000021,D0324,Debit,-462.54,3527.31,Event Registration,Completed,2026-01-17 15:25:05,REF000021
TXN000022,D0136,Credit,459.33,1474.48,Event Participation,Completed,2026-05-23 15:25:05,REF000022
TXN000023,D0321,Credit,187.71,4826.14,Referral Bonus,Completed,2026-04-22 15:25:05,REF000023
TXN000024,D0132,Credit,389.04,3440.58,Donation Completed,Completed,2025-12-21 15:25:05,REF000024
TXN000025,D0132,Credit,188.26,1343.97,Event Participation,Completed,2026-01-09 15:25:05,REF000025
TXN000026,D0323,Debit,-299.27,3649.06,Withdrawal,Completed,2026-02-15 15:25:05,REF000026
TXN000027,D0189,Credit,137.48,907.57,Event Participation,Completed,2026-04-20 15:25:05,REF000027
TXN000028,D0418,Credit,327.86,4716.78,Bridge Participation,Completed,2026-04-21 15:25:05,REF000028
TXN000029,D0332,Debit,-360.43,4426.27,Withdrawal,Completed,2026-02-26 15:25:05,REF000029
TXN000030,D0352,Credit,157.41,2131.98,Donation Completed,Completed,2026-02-10 15:25:05,REF000030
TXN000031,D0466,Debit,-174.06,686.46,Withdrawal,Completed,2026-06-03 15:25:05,REF000031
TXN000032,D0309,Credit,253.6,550.18,Event Participation,Completed,2026-06-03 15:25:05,REF000032
TXN000033,D0391,Credit,199.34,417.98,Bridge Participation,Completed,2026-05-01 15:25:05,REF000033
TXN000034,D0481,Credit,483.05,531.69,Donation Completed,Completed,2026-03-12 15:25:05,REF000034
TXN000035,D0437,Credit,155.69,3798.36,Bridge Participation,Completed,2026-02-13 15:25:05,REF000035
TXN000036,D0418,Credit,232.7,772.57,Referral Bonus,Completed,2026-05-23 15:25:05,REF000036
TXN000037,D0279,Debit,-255.37,106.04,Certificate Fee,Completed,2026-05-26 15:25:05,REF000037
TXN000038,D0053,Debit,-269.81,4182.42,Withdrawal,Completed,2026-05-01 15:25:05,REF000038
TXN000039,D0001,Credit,190.67,1926.92,Donation Completed,Completed,2026-03-08 15:25:05,REF000039
TXN000040,D0336,Debit,-85.24,3422.09,Withdrawal,Completed,2025-12-13 15:25:05,REF000040
TXN000041,D0453,Credit,167.82,550.68,Event Participation,Completed,2026-05-11 15:25:05,REF000041
TXN000042,D0490,Debit,-465.67,1668.62,Event Registration,Completed,2026-03-06 15:25:05,REF000042
TXN000043,D0473,Credit,341.8,890.34,Donation Completed,Completed,2026-01-22 15:25:05,REF000043
TXN000044,D0172,Credit,160.09,3336.37,Event Participation,Completed,2026-03-21 15:25:05,REF000044
TXN000045,D0320,Debit,-106.07,1355.47,Event Registration,Completed,2026-01-30 15:25:05,REF000045
TXN000046,D0339,Debit,-135.18,3556.53,Event Registration,Completed,2026-05-18 15:25:05,REF000046
TXN000047,D0404,Credit,411.11,732.95,Bridge Participation,Completed,2026-04-30 15:25:05,REF000047
TXN000048,D0200,Debit,-141.42,4881.7,Certificate Fee,Completed,2026-05-20 15:25:05,REF000048
TXN000049,D0058,Debit,-374.69,452.24,Certificate Fee,Completed,2026-05-05 15:25:05,REF000049
TXN000050,D0094,Debit,-356.31,2119.16,Event Registration,Completed,2025-12-11 15:25:05,REF000050
TXN000051,D0499,Debit,-142.92,1667.33,Certificate Fee,Completed,2025-12-21 15:25:05,REF000051
TXN000052,D0472,Credit,267.46,2485.51,Event Participation,Completed,2026-01-21 15:25:05,REF000052
TXN000053,D0253,Credit,133.45,3574.61,Event Participation,Completed,2026-01-23 15:25:05,REF000053
TXN000054,D0296,Credit,194.08,14.33,Donation Completed,Completed,2026-06-02 15:25:05,REF000054
TXN000055,D0186,Debit,-85.59,297.89,Withdrawal,Completed,2026-03-09 15:25:05,REF000055
TXN000056,D0185,Credit,284.16,4176.26,Referral Bonus,Completed,2026-01-16 15:25:05,REF000056
TXN000057,D0498,Debit,-405.17,1122.94,Withdrawal,Completed,2026-05-02 15:25:05,REF000057
TXN000058,D0061,Credit,393.23,3480.61,Event Participation,Completed,2026-02-18 15:25:05,REF000058
TXN000059,D0191,Credit,365.1,368.85,Donation Completed,Completed,2026-01-05 15:25:05,REF000059
TXN000060,D0446,Credit,158.75,706.39,Donation Completed,Completed,2026-04-05 15:25:05,REF000060
TXN000061,D0040,Credit,159.89,912.12,Event Participation,Completed,2026-05-02 15:25:05,REF000061
TXN000062,D0384,Debit,-314.81,1686.68,Event Registration,Completed,2025-12-23 15:25:05,REF000062
TXN000063,D0356,Credit,144.51,300.0,Referral Bonus,Completed,2025-12-24 15:25:05,REF000063
TXN000064,D0017,Credit,104.35,4163.4,Bridge Participation,Completed,2025-12-14 15:25:05,REF000064
TXN000065,D0486,Debit,-179.87,1290.27,Certificate Fee,Completed,2026-01-11 15:25:05,REF000065
TXN000066,D0257,Debit,-397.71,4657.25,Certificate Fee,Completed,2026-03-29 15:25:05,REF000066
TXN000067,D0499,Credit,491.17,625.67,Event Participation,Completed,2026-04-13 15:25:05,REF000067
TXN000068,D0206,Credit,256.92,4112.52,Bridge Participation,Completed,2026-01-14 15:25:05,REF000068
TXN000069,D0310,Credit,290.97,3263.5,Event Participation,Completed,2026-02-23 15:25:05,REF000069
TXN000070,D0424,Debit,-475.4,1857.39,Withdrawal,Completed,2026-02-18 15:25:05,REF000070
TXN000071,D0100,Debit,-453.02,1813.51,Withdrawal,Completed,2026-03-13 15:25:05,REF000071
TXN000072,D0015,Credit,165.1,532.32,Referral Bonus,Completed,2026-04-13 15:25:05,REF000072
TXN000073,D0306,Credit,175.1,1008.63,Referral Bonus,Completed,2026-05-29 15:25:05,REF000073
TXN000074,D0124,Debit,-60.5,2823.98,Withdrawal,Completed,2026-01-13 15:25:05,REF000074
TXN000075,D0405,Debit,-478.38,466.05,Withdrawal,Completed,2026-03-19 15:25:05,REF000075
TXN000076,D0005,Debit,-68.57,2501.08,Event Registration,Completed,2026-03-18 15:25:05,REF000076
TXN000077,D0385,Debit,-339.87,647.58,Certificate Fee,Completed,2025-12-16 15:25:05,REF000077
TXN000078,D0050,Debit,-96.57,2517.89,Event Registration,Completed,2026-01-29 15:25:05,REF000078
TXN000079,D0414,Credit,334.87,1910.56,Donation Completed,Completed,2026-01-07 15:25:05,REF000079
TXN000080,D0445,Credit,164.49,3411.87,Referral Bonus,Completed,2026-05-17 15:25:05,REF000080
TXN000081,D0454,Credit,453.76,4037.38,Bridge Participation,Completed,2025-12-21 15:25:05,REF000081
TXN000082,D0073,Credit,278.99,655.99,Referral Bonus,Completed,2026-03-24 15:25:05,REF000082
TXN000083,D0185,Debit,-99.19,3870.88,Withdrawal,Completed,2026-02-27 15:25:05,REF000083
TXN000084,D0123,Credit,483.21,2834.5,Donation Completed,Completed,2026-01-30 15:25:05,REF000084
TXN000085,D0050,Credit,406.53,1547.71,Bridge Participation,Completed,2026-05-15 15:25:05,REF000085
TXN000086,D0256,Credit,225.49,4670.28,Event Participation,Completed,2026-04-26 15:25:05,REF000086
TXN000087,D0035,Debit,-336.5,446.15,Certificate Fee,Completed,2026-04-22 15:25:05,REF000087
TXN000088,D0364,Debit,-56.24,4892.42,Event Registration,Completed,2026-02-13 15:25:05,REF000088
TXN000089,D0333,Credit,488.67,2441.29,Donation Completed,Completed,2026-03-05 15:25:05,REF000089
TXN000090,D0440,Debit,-315.94,3098.42,Event Registration,Completed,2025-12-14 15:25:05,REF000090
TXN000091,D0067,Debit,-269.38,3123.16,Event Registration,Completed,2026-03-18 15:25:05,REF000091
TXN000092,D0192,Credit,302.38,1314.14,Event Participation,Completed,2025-12-14 15:25:05,REF000092
TXN000093,D0022,Credit,379.9,2804.0,Bridge Participation,Completed,2026-04-28 15:25:05,REF000093
TXN000094,D0437,Credit,250.33,2850.67,Referral Bonus,Completed,2026-05-19 15:25:05,REF000094
TXN000095,D0115,Debit,-198.88,1744.69,Event Registration,Completed,2026-02-07 15:25:05,REF000095
TXN000096,D0329,Debit,-461.38,3658.89,Withdrawal,Completed,2026-02-25 15:25:05,REF000096
TXN000097,D0394,Debit,-319.32,322.36,Withdrawal,Completed,2026-03-11 15:25:05,REF000097
TXN000098,D0310,Debit,-183.97,2381.1,Withdrawal,Completed,2026-03-27 15:25:05,REF000098
TXN000099,D0233,Credit,479.41,727.57,Bridge Participation,Completed,2026-04-13 15:25:05,REF000099
TXN000100,D0164,Credit,124.96,4042.67,Event Participation,Completed,2026-02-16 15:25:05,REF000100
TXN000101,D0243,Credit,184.6,114.71,Donation Completed,Completed,2025-12-13 15:25:05,REF000101
TXN000102,D0217,Debit,-213.94,417.96,Event Registration,Completed,2026-05-20 15:25:05,REF000102
TXN000103,D0141,Debit,-365.75,3561.03,Withdrawal,Completed,2026-02-19 15:25:05,REF000103
TXN000104,D0269,Credit,173.63,268.71,Referral Bonus,Completed,2026-02-17 15:25:05,REF000104
TXN000105,D0176,Debit,-410.63,4709.71,Withdrawal,Completed,2026-02-03 15:25:05,REF000105
TXN000106,D0244,Credit,241.88,3464.51,Event Participation,Completed,2026-02-27 15:25:05,REF000106
TXN000107,D0422,Credit,131.12,3339.81,Bridge Participation,Completed,2025-12-31 15:25:05,REF000107
TXN000108,D0075,Debit,-56.13,4694.85,Certificate Fee,Completed,2026-03-17 15:25:05,REF000108
TXN000109,D0008,Credit,473.53,2497.23,Event Participation,Completed,2026-03-17 15:25:05,REF000109
TXN000110,D0059,Debit,-265.69,18.38,Event Registration,Completed,2026-02-11 15:25:05,REF000110
TXN000111,D0483,Credit,355.57,2891.89,Event Participation,Completed,2026-05-28 15:25:05,REF000111
TXN000112,D0112,Credit,378.58,3871.92,Event Participation,Completed,2026-01-04 15:25:05,REF000112
TXN000113,D0194,Credit,183.91,955.8,Referral Bonus,Completed,2025-12-15 15:25:05,REF000113
TXN000114,D0296,Credit,425.51,80.96,Referral Bonus,Completed,2026-03-20 15:25:05,REF000114
TXN000115,D0258,Credit,359.56,2279.99,Event Participation,Completed,2026-02-21 15:25:05,REF000115
TXN000116,D0181,Debit,-308.37,4870.35,Certificate Fee,Completed,2026-03-13 15:25:05,REF000116
TXN000117,D0059,Credit,271.35,884.48,Event Participation,Completed,2026-01-05 15:25:05,REF000117
TXN000118,D0084,Debit,-371.74,3298.03,Event Registration,Completed,2025-12-14 15:25:05,REF000118
TXN000119,D0224,Debit,-220.83,4625.68,Certificate Fee,Completed,2026-05-12 15:25:05,REF000119
TXN000120,D0045,Credit,359.85,3081.3,Donation Completed,Completed,2026-02-21 15:25:05,REF000120
TXN000121,D0054,Debit,-161.72,4636.14,Certificate Fee,Completed,2026-05-12 15:25:05,REF000121
TXN000122,D0325,Debit,-238.44,163.18,Certificate Fee,Completed,2026-03-24 15:25:05,REF000122
TXN000123,D0437,Debit,-399.7,2273.15,Withdrawal,Completed,2026-03-01 15:25:05,REF000123
TXN000124,D0059,Credit,480.22,1753.07,Event Participation,Completed,2026-02-08 15:25:05,REF000124
TXN000125,D0212,Debit,-77.17,3910.98,Withdrawal,Completed,2026-01-28 15:25:05,REF000125
TXN000126,D0146,Debit,-380.98,4192.42,Certificate Fee,Completed,2026-02-20 15:25:05,REF000126
TXN000127,D0345,Credit,460.07,2072.78,Donation Completed,Completed,2026-06-03 15:25:05,REF000127
TXN000128,D0014,Credit,436.31,2594.82,Referral Bonus,Completed,2026-01-04 15:25:05,REF000128
TXN000129,D0163,Debit,-68.38,4964.15,Withdrawal,Completed,2026-04-06 15:25:05,REF000129
TXN000130,D0285,Debit,-222.68,1966.59,Withdrawal,Completed,2026-05-24 15:25:05,REF000130
TXN000131,D0411,Debit,-77.27,1952.06,Withdrawal,Completed,2026-04-23 15:25:05,REF000131
TXN000132,D0207,Debit,-428.7,1154.85,Certificate Fee,Completed,2026-05-05 15:25:05,REF000132
TXN000133,D0259,Credit,437.21,3136.59,Event Participation,Completed,2026-04-01 15:25:05,REF000133
TXN000134,D0429,Credit,181.51,466.33,Referral Bonus,Completed,2026-02-15 15:25:05,REF000134
TXN000135,D0006,Credit,347.24,2718.36,Donation Completed,Completed,2026-05-17 15:25:05,REF000135
TXN000136,D0293,Debit,-165.95,652.74,Withdrawal,Completed,2026-02-10 15:25:05,REF000136
TXN000137,D0325,Debit,-392.13,4489.55,Withdrawal,Completed,2026-03-22 15:25:05,REF000137
TXN000138,D0100,Credit,408.16,3296.29,Event Participation,Completed,2026-03-28 15:25:05,REF000138
TXN000139,D0043,Credit,355.35,2896.77,Donation Completed,Completed,2026-05-11 15:25:05,REF000139
TXN000140,D0057,Debit,-444.79,709.18,Certificate Fee,Completed,2026-03-31 15:25:05,REF000140
TXN000141,D0459,Credit,130.95,4223.12,Donation Completed,Completed,2026-04-14 15:25:05,REF000141
TXN000142,D0201,Credit,418.18,2068.73,Event Participation,Completed,2026-02-02 15:25:05,REF000142
TXN000143,D0492,Credit,374.93,1876.27,Bridge Participation,Completed,2026-03-18 15:25:05,REF000143
TXN000144,D0325,Debit,-419.09,50.7,Withdrawal,Completed,2026-04-22 15:25:05,REF000144
TXN000145,D0338,Credit,490.37,4968.7,Donation Completed,Completed,2026-02-03 15:25:05,REF000145
TXN000146,D0315,Credit,308.7,1272.51,Bridge Participation,Completed,2026-05-06 15:25:05,REF000146
TXN000147,D0099,Credit,307.2,3804.8,Donation Completed,Completed,2026-04-12 15:25:05,REF000147
TXN000148,D0444,Debit,-95.64,147.49,Withdrawal,Completed,2026-05-02 15:25:05,REF000148
TXN000149,D0113,Credit,207.04,2407.87,Bridge Participation,Completed,2026-05-14 15:25:05,REF000149
TXN000150,D0179,Debit,-164.66,2479.01,Event Registration,Completed,2026-01-26 15:25:05,REF000150
TXN000151,D0485,Debit,-387.46,989.38,Withdrawal,Completed,2026-03-27 15:25:05,REF000151
TXN000152,D0493,Debit,-237.36,3832.24,Withdrawal,Completed,2026-03-19 15:25:05,REF000152
TXN000153,D0085,Credit,273.39,2230.79,Event Participation,Completed,2026-01-05 15:25:05,REF000153
TXN000154,D0383,Debit,-219.69,3036.48,Event Registration,Completed,2026-02-17 15:25:05,REF000154
TXN000155,D0103,Debit,-95.95,4096.71,Event Registration,Completed,2026-02-11 15:25:05,REF000155
TXN000156,D0086,Credit,334.75,1467.37,Referral Bonus,Completed,2025-12-23 15:25:05,REF000156
TXN000157,D0487,Debit,-486.53,899.52,Event Registration,Completed,2026-03-16 15:25:05,REF000157
TXN000158,D0220,Credit,198.13,1075.92,Referral Bonus,Completed,2026-03-03 15:25:05,REF000158
TXN000159,D0191,Credit,148.92,1592.95,Referral Bonus,Completed,2026-06-04 15:25:05,REF000159
TXN000160,D0368,Debit,-290.58,3976.2,Withdrawal,Completed,2026-04-08 15:25:05,REF000160
TXN000161,D0288,Credit,213.45,1060.88,Event Participation,Completed,2026-04-12 15:25:05,REF000161
TXN000162,D0053,Debit,-226.44,4416.8,Certificate Fee,Completed,2025-12-17 15:25:05,REF000162
TXN000163,D0039,Debit,-159.71,1588.92,Certificate Fee,Completed,2026-03-17 15:25:05,REF000163
TXN000164,D0102,Credit,421.09,2493.25,Donation Completed,Completed,2026-03-28 15:25:05,REF000164
TXN000165,D0216,Credit,281.11,3007.15,Donation Completed,Completed,2026-01-06 15:25:05,REF000165
TXN000166,D0197,Credit,214.01,3218.33,Donation Completed,Completed,2026-01-10 15:25:05,REF000166
TXN000167,D0003,Debit,-441.02,4834.27,Event Registration,Completed,2026-05-28 15:25:05,REF000167
TXN000168,D0459,Credit,357.91,347.27,Referral Bonus,Completed,2026-05-13 15:25:05,REF000168
TXN000169,D0425,Debit,-364.55,1585.95,Certificate Fee,Completed,2026-03-10 15:25:05,REF000169
TXN000170,D0205,Credit,297.53,235.36,Referral Bonus,Completed,2026-03-22 15:25:05,REF000170
TXN000171,D0357,Debit,-118.1,4835.76,Event Registration,Completed,2026-05-06 15:25:05,REF000171
TXN000172,D0432,Debit,-453.77,1120.07,Certificate Fee,Completed,2026-06-04 15:25:05,REF000172
TXN000173,D0072,Credit,444.56,3621.27,Referral Bonus,Completed,2026-04-10 15:25:05,REF000173
TXN000174,D0088,Credit,389.64,4061.41,Bridge Participation,Completed,2026-01-20 15:25:05,REF000174
TXN000175,D0003,Credit,453.33,215.38,Referral Bonus,Completed,2026-05-25 15:25:05,REF000175
TXN000176,D0485,Debit,-381.32,3439.61,Withdrawal,Completed,2026-03-01 15:25:05,REF000176
TXN000177,D0139,Credit,333.38,599.51,Bridge Participation,Completed,2026-03-17 15:25:05,REF000177
TXN000178,D0442,Credit,354.76,3341.18,Event Participation,Completed,2026-01-24 15:25:05,REF000178
TXN000179,D0271,Credit,364.51,4881.75,Event Participation,Completed,2026-03-16 15:25:05,REF000179
TXN000180,D0396,Debit,-458.69,3831.01,Withdrawal,Completed,2026-05-16 15:25:05,REF000180
TXN000181,D0181,Credit,377.99,375.72,Bridge Participation,Completed,2026-01-31 15:25:05,REF000181
TXN000182,D0031,Credit,368.2,2340.75,Donation Completed,Completed,2026-02-28 15:25:05,REF000182
TXN000183,D0097,Debit,-346.8,4069.98,Withdrawal,Completed,2026-01-22 15:25:05,REF000183
TXN000184,D0264,Debit,-181.17,3276.45,Event Registration,Completed,2026-01-28 15:25:05,REF000184
TXN000185,D0055,Credit,466.68,1927.88,Bridge Participation,Completed,2026-02-11 15:25:05,REF000185
TXN000186,D0445,Credit,175.18,1389.19,Event Participation,Completed,2026-04-25 15:25:05,REF000186
TXN000187,D0352,Debit,-208.23,736.45,Certificate Fee,Completed,2026-05-10 15:25:05,REF000187
TXN000188,D0382,Credit,106.64,2304.23,Bridge Participation,Completed,2026-03-30 15:25:05,REF000188
TXN000189,D0015,Debit,-261.1,1759.78,Certificate Fee,Completed,2026-05-07 15:25:05,REF000189
TXN000190,D0475,Credit,272.59,753.1,Referral Bonus,Completed,2026-01-29 15:25:05,REF000190
TXN000191,D0221,Debit,-301.4,1848.9,Withdrawal,Completed,2026-05-25 15:25:05,REF000191
TXN000192,D0333,Debit,-82.39,969.66,Certificate Fee,Completed,2026-04-19 15:25:05,REF000192
TXN000193,D0207,Credit,311.83,2468.08,Referral Bonus,Completed,2026-02-16 15:25:05,REF000193
TXN000194,D0056,Credit,483.59,1097.9,Bridge Participation,Completed,2026-05-24 15:25:05,REF000194
TXN000195,D0459,Credit,195.51,2660.66,Referral Bonus,Completed,2026-03-28 15:25:05,REF000195
TXN000196,D0116,Debit,-323.2,1099.44,Event Registration,Completed,2025-12-11 15:25:05,REF000196
TXN000197,D0138,Debit,-423.04,1017.88,Withdrawal,Completed,2025-12-25 15:25:05,REF000197
TXN000198,D0148,Debit,-498.6,925.39,Certificate Fee,Completed,2025-12-09 15:25:05,REF000198
TXN000199,D0319,Debit,-362.6,4533.34,Certificate Fee,Completed,2026-04-06 15:25:05,REF000199
TXN000200,D0088,Debit,-468.75,936.72,Certificate Fee,Completed,2026-02-10 15:25:05,REF000200
TXN000201,D0073,Credit,271.17,104.13,Event Participation,Completed,2026-03-31 15:25:05,REF000201
TXN000202,D0452,Credit,371.68,4265.45,Bridge Participation,Completed,2026-01-05 15:25:05,REF000202
TXN000203,D0181,Debit,-499.55,4366.09,Certificate Fee,Completed,2026-02-06 15:25:05,REF000203
TXN000204,D0057,Credit,326.91,4952.07,Donation Completed,Completed,2026-04-09 15:25:05,REF000204
TXN000205,D0269,Credit,410.1,499.96,Bridge Participation,Completed,2026-03-13 15:25:05,REF000205
TXN000206,D0232,Debit,-342.15,2728.58,Certificate Fee,Completed,2025-12-19 15:25:05,REF000206
TXN000207,D0250,Debit,-293.56,4138.75,Event Registration,Completed,2026-03-21 15:25:05,REF000207
TXN000208,D0364,Debit,-151.46,4284.78,Certificate Fee,Completed,2026-01-05 15:25:05,REF000208
TXN000209,D0248,Credit,374.31,3641.08,Referral Bonus,Completed,2026-06-01 15:25:05,REF000209
TXN000210,D0076,Debit,-203.28,708.17,Withdrawal,Completed,2026-01-30 15:25:05,REF000210
TXN000211,D0016,Credit,243.77,3721.83,Event Participation,Completed,2026-04-18 15:25:05,REF000211
TXN000212,D0472,Debit,-451.43,1369.62,Certificate Fee,Completed,2025-12-28 15:25:05,REF000212
TXN000213,D0348,Debit,-421.27,4551.64,Certificate Fee,Completed,2026-03-09 15:25:05,REF000213
TXN000214,D0455,Debit,-234.88,4726.33,Event Registration,Completed,2026-03-28 15:25:05,REF000214
TXN000215,D0159,Credit,331.81,3509.18,Donation Completed,Completed,2026-01-01 15:25:05,REF000215
TXN000216,D0063,Debit,-245.0,3962.63,Event Registration,Completed,2026-03-10 15:25:05,REF000216
TXN000217,D0148,Credit,299.57,3427.63,Donation Completed,Completed,2026-02-07 15:25:05,REF000217
TXN000218,D0349,Credit,349.52,3321.6,Referral Bonus,Completed,2026-03-21 15:25:05,REF000218
TXN000219,D0250,Debit,-140.1,77.96,Withdrawal,Completed,2026-05-27 15:25:05,REF000219
TXN000220,D0112,Debit,-444.45,2441.83,Certificate Fee,Completed,2026-06-05 15:25:05,REF000220
TXN000221,D0221,Debit,-124.65,249.51,Certificate Fee,Completed,2026-05-02 15:25:05,REF000221
TXN000222,D0180,Debit,-200.6,3844.43,Certificate Fee,Completed,2026-04-28 15:25:05,REF000222
TXN000223,D0489,Credit,157.06,3665.27,Referral Bonus,Completed,2026-02-16 15:25:05,REF000223
TXN000224,D0300,Credit,187.54,2365.89,Referral Bonus,Completed,2026-03-08 15:25:05,REF000224
TXN000225,D0128,Debit,-320.4,4520.81,Event Registration,Completed,2026-04-01 15:25:05,REF000225
TXN000226,D0472,Debit,-360.17,2819.54,Certificate Fee,Completed,2025-12-15 15:25:05,REF000226
TXN000227,D0449,Debit,-437.37,3838.3,Certificate Fee,Completed,2026-04-03 15:25:05,REF000227
TXN000228,D0070,Debit,-410.21,1524.98,Certificate Fee,Completed,2026-03-22 15:25:05,REF000228
TXN000229,D0291,Debit,-417.48,3912.03,Certificate Fee,Completed,2026-02-15 15:25:05,REF000229
TXN000230,D0050,Credit,377.65,2519.08,Event Participation,Completed,2025-12-13 15:25:05,REF000230
TXN000231,D0365,Debit,-340.61,2332.76,Event Registration,Completed,2026-02-21 15:25:05,REF000231
TXN000232,D0237,Credit,483.0,2104.59,Donation Completed,Completed,2026-05-02 15:25:05,REF000232
TXN000233,D0315,Debit,-238.85,1865.56,Withdrawal,Completed,2025-12-30 15:25:05,REF000233
TXN000234,D0279,Debit,-160.1,1963.3,Withdrawal,Completed,2026-02-23 15:25:05,REF000234
TXN000235,D0344,Credit,422.99,4374.55,Event Participation,Completed,2026-02-09 15:25:05,REF000235
TXN000236,D0430,Credit,121.88,4149.47,Donation Completed,Completed,2025-12-22 15:25:05,REF000236
TXN000237,D0055,Debit,-456.17,1452.88,Certificate Fee,Completed,2026-02-03 15:25:05,REF000237
TXN000238,D0354,Debit,-445.35,2923.09,Withdrawal,Completed,2026-01-27 15:25:05,REF000238
TXN000239,D0379,Credit,306.51,2810.25,Bridge Participation,Completed,2026-01-31 15:25:05,REF000239
TXN000240,D0070,Credit,220.36,1554.45,Bridge Participation,Completed,2026-06-05 15:25:05,REF000240
TXN000241,D0413,Debit,-190.5,573.54,Certificate Fee,Completed,2026-06-06 15:25:05,REF000241
TXN000242,D0079,Credit,198.88,518.04,Donation Completed,Completed,2026-05-31 15:25:05,REF000242
TXN000243,D0427,Debit,-474.96,609.06,Event Registration,Completed,2026-02-23 15:25:05,REF000243
TXN000244,D0248,Credit,436.69,2733.6,Bridge Participation,Completed,2026-01-01 15:25:05,REF000244
TXN000245,D0349,Debit,-222.28,2161.77,Certificate Fee,Completed,2025-12-26 15:25:05,REF000245
TXN000246,D0012,Credit,427.42,3287.33,Bridge Participation,Completed,2026-04-24 15:25:05,REF000246
TXN000247,D0262,Credit,292.19,1447.25,Event Participation,Completed,2026-05-12 15:25:05,REF000247
TXN000248,D0492,Debit,-199.54,1955.95,Event Registration,Completed,2025-12-10 15:25:05,REF000248
TXN000249,D0410,Credit,266.76,2124.16,Event Participation,Completed,2026-05-30 15:25:05,REF000249
TXN000250,D0146,Debit,-246.11,55.1,Withdrawal,Completed,2026-03-21 15:25:05,REF000250
TXN000251,D0018,Debit,-91.35,1773.63,Withdrawal,Completed,2026-05-02 15:25:05,REF000251
TXN000252,D0240,Debit,-495.9,791.57,Event Registration,Completed,2026-01-29 15:25:05,REF000252
TXN000253,D0439,Credit,461.02,2625.28,Referral Bonus,Completed,2026-01-26 15:25:05,REF000253
TXN000254,D0033,Credit,240.75,3596.05,Bridge Participation,Completed,2026-03-12 15:25:05,REF000254
TXN000255,D0236,Credit,413.98,3292.22,Referral Bonus,Completed,2026-02-26 15:25:05,REF000255
TXN000256,D0035,Debit,-66.85,3029.21,Event Registration,Completed,2026-04-21 15:25:05,REF000256
TXN000257,D0295,Debit,-186.0,2944.26,Withdrawal,Completed,2026-01-09 15:25:05,REF000257
TXN000258,D0179,Debit,-479.78,4260.16,Withdrawal,Completed,2026-04-27 15:25:05,REF000258
TXN000259,D0119,Credit,299.77,3396.61,Donation Completed,Completed,2026-03-16 15:25:05,REF000259
TXN000260,D0390,Credit,142.17,4403.78,Bridge Participation,Completed,2026-02-28 15:25:05,REF000260
TXN000261,D0387,Debit,-472.13,1252.42,Withdrawal,Completed,2026-05-28 15:25:05,REF000261
TXN000262,D0434,Credit,405.34,3032.67,Event Participation,Completed,2026-05-30 15:25:05,REF000262
TXN000263,D0473,Credit,143.06,2247.55,Referral Bonus,Completed,2026-05-03 15:25:05,REF000263
TXN000264,D0327,Credit,201.0,2187.57,Bridge Participation,Completed,2026-03-25 15:25:05,REF000264
TXN000265,D0116,Credit,273.63,2642.65,Bridge Participation,Completed,2026-04-18 15:25:05,REF000265
TXN000266,D0045,Credit,181.42,4050.04,Donation Completed,Completed,2026-06-05 15:25:05,REF000266
TXN000267,D0185,Debit,-254.04,359.83,Certificate Fee,Completed,2026-04-20 15:25:05,REF000267
TXN000268,D0350,Debit,-125.42,2851.85,Withdrawal,Completed,2026-02-05 15:25:05,REF000268
TXN000269,D0257,Debit,-221.68,2793.49,Event Registration,Completed,2026-05-02 15:25:05,REF000269
TXN000270,D0411,Credit,271.0,1880.59,Event Participation,Completed,2026-05-19 15:25:05,REF000270
TXN000271,D0292,Credit,412.95,1491.13,Bridge Participation,Completed,2026-05-07 15:25:05,REF000271
TXN000272,D0256,Credit,340.6,1654.6,Donation Completed,Completed,2026-04-10 15:25:05,REF000272
TXN000273,D0421,Debit,-324.31,1789.53,Event Registration,Completed,2026-04-27 15:25:05,REF000273
TXN000274,D0496,Debit,-259.51,1206.99,Withdrawal,Completed,2026-01-25 15:25:05,REF000274
TXN000275,D0478,Debit,-221.61,2729.71,Event Registration,Completed,2026-05-09 15:25:05,REF000275
TXN000276,D0299,Debit,-206.05,161.37,Event Registration,Completed,2026-02-19 15:25:05,REF000276
TXN000277,D0134,Credit,455.21,296.96,Referral Bonus,Completed,2026-04-15 15:25:05,REF000277
TXN000278,D0281,Debit,-89.46,311.64,Certificate Fee,Completed,2026-01-31 15:25:05,REF000278
TXN000279,D0038,Credit,492.42,4749.54,Referral Bonus,Completed,2026-01-04 15:25:05,REF000279
TXN000280,D0379,Credit,478.64,1352.54,Event Participation,Completed,2026-05-27 15:25:05,REF000280
TXN000281,D0054,Credit,303.04,3251.68,Event Participation,Completed,2026-02-16 15:25:05,REF000281
TXN000282,D0245,Debit,-490.35,276.78,Withdrawal,Completed,2026-04-17 15:25:05,REF000282
TXN000283,D0274,Debit,-192.38,90.47,Certificate Fee,Completed,2026-02-03 15:25:05,REF000283
TXN000284,D0027,Debit,-187.05,2148.59,Event Registration,Completed,2026-02-17 15:25:05,REF000284
TXN000285,D0282,Credit,275.18,4485.73,Donation Completed,Completed,2026-03-04 15:25:05,REF000285
TXN000286,D0181,Credit,274.61,289.61,Referral Bonus,Completed,2026-04-08 15:25:05,REF000286
TXN000287,D0048,Credit,265.23,3762.85,Bridge Participation,Completed,2026-01-20 15:25:05,REF000287
TXN000288,D0291,Credit,449.3,1249.61,Donation Completed,Completed,2026-05-23 15:25:05,REF000288
TXN000289,D0040,Credit,275.42,1412.98,Bridge Participation,Completed,2026-03-18 15:25:05,REF000289
TXN000290,D0180,Credit,151.89,1989.09,Referral Bonus,Completed,2025-12-20 15:25:05,REF000290
TXN000291,D0063,Credit,200.08,2718.23,Donation Completed,Completed,2026-01-31 15:25:05,REF000291
TXN000292,D0362,Debit,-300.41,1513.59,Withdrawal,Completed,2026-03-05 15:25:05,REF000292
TXN000293,D0400,Debit,-390.11,4464.89,Certificate Fee,Completed,2026-03-17 15:25:05,REF000293
TXN000294,D0358,Credit,238.65,2054.17,Donation Completed,Completed,2025-12-29 15:25:05,REF000294
TXN000295,D0249,Debit,-408.4,685.66,Withdrawal,Completed,2026-01-24 15:25:05,REF000295
TXN000296,D0119,Debit,-251.17,613.74,Certificate Fee,Completed,2026-05-01 15:25:05,REF000296
TXN000297,D0019,Credit,359.96,2268.81,Event Participation,Completed,2026-05-08 15:25:05,REF000297
TXN000298,D0011,Debit,-378.37,2941.2,Withdrawal,Completed,2026-03-22 15:25:05,REF000298
TXN000299,D0424,Credit,211.64,3048.74,Donation Completed,Completed,2026-01-31 15:25:05,REF000299
TXN000300,D0010,Debit,-300.19,1122.24,Event Registration,Completed,2026-03-01 15:25:05,REF000300
TXN000301,D0095,Debit,-476.48,1525.74,Certificate Fee,Completed,2026-01-19 15:25:05,REF000301
TXN000302,D0391,Debit,-90.48,3772.39,Withdrawal,Completed,2026-03-12 15:25:05,REF000302
TXN000303,D0473,Debit,-402.56,136.73,Certificate Fee,Completed,2025-12-29 15:25:05,REF000303
TXN000304,D0223,Debit,-82.15,3762.0,Certificate Fee,Completed,2026-05-10 15:25:05,REF000304
TXN000305,D0284,Debit,-80.39,1437.09,Certificate Fee,Completed,2026-01-21 15:25:05,REF000305
TXN000306,D0238,Debit,-176.35,3845.06,Certificate Fee,Completed,2026-04-01 15:25:05,REF000306
TXN000307,D0084,Debit,-164.46,4623.31,Event Registration,Completed,2026-05-04 15:25:05,REF000307
TXN000308,D0465,Credit,419.84,4754.84,Referral Bonus,Completed,2026-05-16 15:25:05,REF000308
TXN000309,D0128,Debit,-243.01,193.03,Event Registration,Completed,2026-03-28 15:25:05,REF000309
TXN000310,D0186,Debit,-387.27,3265.16,Certificate Fee,Completed,2026-01-02 15:25:05,REF000310
TXN000311,D0007,Credit,327.38,1604.95,Referral Bonus,Completed,2026-03-31 15:25:05,REF000311
TXN000312,D0434,Credit,285.09,2199.55,Event Participation,Completed,2026-02-07 15:25:05,REF000312
TXN000313,D0019,Debit,-213.02,2783.04,Event Registration,Completed,2026-02-22 15:25:05,REF000313
TXN000314,D0030,Credit,458.82,2757.24,Referral Bonus,Completed,2026-05-21 15:25:05,REF000314
TXN000315,D0226,Credit,406.39,1380.72,Referral Bonus,Completed,2026-01-31 15:25:05,REF000315
TXN000316,D0066,Credit,158.76,3089.75,Bridge Participation,Completed,2026-05-25 15:25:05,REF000316
TXN000317,D0120,Credit,173.7,2533.6,Donation Completed,Completed,2026-02-14 15:25:05,REF000317
TXN000318,D0297,Debit,-250.97,1139.76,Withdrawal,Completed,2026-04-01 15:25:05,REF000318
TXN000319,D0500,Debit,-194.73,4287.45,Withdrawal,Completed,2026-03-08 15:25:05,REF000319
TXN000320,D0277,Credit,239.89,387.4,Bridge Participation,Completed,2026-02-13 15:25:05,REF000320
TXN000321,D0058,Credit,181.62,2851.83,Bridge Participation,Completed,2025-12-14 15:25:05,REF000321
TXN000322,D0213,Credit,450.34,715.4,Event Participation,Completed,2026-03-15 15:25:05,REF000322
TXN000323,D0311,Debit,-61.21,4486.96,Event Registration,Completed,2026-03-03 15:25:05,REF000323
TXN000324,D0241,Debit,-485.98,1841.51,Certificate Fee,Completed,2026-03-24 15:25:05,REF000324
TXN000325,D0477,Credit,142.49,1057.4,Donation Completed,Completed,2026-03-18 15:25:05,REF000325
TXN000326,D0262,Debit,-329.52,2913.43,Withdrawal,Completed,2025-12-20 15:25:05,REF000326
TXN000327,D0372,Credit,405.04,3246.06,Event Participation,Completed,2026-05-18 15:25:05,REF000327
TXN000328,D0491,Credit,315.59,606.21,Event Participation,Completed,2026-01-22 15:25:05,REF000328
TXN000329,D0409,Credit,363.68,2601.68,Event Participation,Completed,2026-03-17 15:25:05,REF000329
TXN000330,D0138,Credit,464.43,1643.42,Referral Bonus,Completed,2026-03-06 15:25:05,REF000330
TXN000331,D0119,Debit,-163.32,577.08,Event Registration,Completed,2026-04-06 15:25:05,REF000331
TXN000332,D0228,Debit,-464.14,2802.29,Event Registration,Completed,2026-05-18 15:25:05,REF000332
TXN000333,D0469,Debit,-282.13,1151.75,Certificate Fee,Completed,2026-02-19 15:25:05,REF000333
TXN000334,D0118,Credit,410.58,2038.09,Bridge Participation,Completed,2026-01-08 15:25:05,REF000334
TXN000335,D0341,Credit,418.34,1707.86,Referral Bonus,Completed,2026-05-07 15:25:05,REF000335
TXN000336,D0042,Debit,-272.74,741.99,Event Registration,Completed,2026-01-31 15:25:05,REF000336
TXN000337,D0324,Credit,450.56,77.56,Bridge Participation,Completed,2026-05-07 15:25:05,REF000337
TXN000338,D0215,Debit,-179.88,2349.3,Certificate Fee,Completed,2026-05-12 15:25:05,REF000338
TXN000339,D0065,Credit,109.57,834.68,Event Participation,Completed,2026-05-19 15:25:05,REF000339
TXN000340,D0068,Debit,-340.53,2011.59,Event Registration,Completed,2026-01-15 15:25:05,REF000340
TXN000341,D0124,Debit,-348.44,4123.58,Withdrawal,Completed,2026-03-12 15:25:05,REF000341
TXN000342,D0303,Credit,129.5,4603.62,Donation Completed,Completed,2026-02-12 15:25:05,REF000342
TXN000343,D0467,Debit,-297.61,4174.02,Certificate Fee,Completed,2026-03-24 15:25:05,REF000343
TXN000344,D0388,Debit,-439.43,917.25,Certificate Fee,Completed,2026-01-07 15:25:05,REF000344
TXN000345,D0470,Credit,458.24,2967.77,Bridge Participation,Completed,2026-03-04 15:25:05,REF000345
TXN000346,D0346,Debit,-355.8,883.61,Event Registration,Completed,2026-01-07 15:25:05,REF000346
TXN000347,D0144,Credit,218.94,1705.59,Bridge Participation,Completed,2026-01-13 15:25:05,REF000347
TXN000348,D0266,Debit,-354.74,1592.89,Event Registration,Completed,2026-04-22 15:25:05,REF000348
TXN000349,D0489,Credit,425.59,3673.13,Donation Completed,Completed,2026-04-14 15:25:05,REF000349
TXN000350,D0221,Debit,-104.19,1571.84,Certificate Fee,Completed,2026-03-10 15:25:05,REF000350
TXN000351,D0146,Credit,215.14,2433.18,Donation Completed,Completed,2026-04-10 15:25:05,REF000351
TXN000352,D0454,Credit,475.68,1297.15,Referral Bonus,Completed,2026-01-02 15:25:05,REF000352
TXN000353,D0386,Credit,366.57,705.02,Bridge Participation,Completed,2026-04-15 15:25:05,REF000353
TXN000354,D0283,Credit,339.36,198.73,Donation Completed,Completed,2026-01-19 15:25:05,REF000354
TXN000355,D0276,Credit,295.35,4111.99,Donation Completed,Completed,2026-03-04 15:25:05,REF000355
TXN000356,D0105,Debit,-308.07,2224.12,Certificate Fee,Completed,2026-05-05 15:25:05,REF000356
TXN000357,D0426,Debit,-86.9,3581.25,Event Registration,Completed,2026-05-07 15:25:05,REF000357
TXN000358,D0228,Debit,-381.62,4322.51,Event Registration,Completed,2026-03-27 15:25:05,REF000358
TXN000359,D0375,Credit,421.46,3721.39,Referral Bonus,Completed,2026-04-11 15:25:05,REF000359
TXN000360,D0373,Credit,162.69,1676.69,Referral Bonus,Completed,2026-02-10 15:25:05,REF000360
TXN000361,D0323,Credit,456.91,191.78,Referral Bonus,Completed,2026-05-12 15:25:05,REF000361
TXN000362,D0478,Debit,-121.36,3305.65,Withdrawal,Completed,2025-12-28 15:25:05,REF000362
TXN000363,D0019,Credit,154.75,1881.05,Bridge Participation,Completed,2026-04-11 15:25:05,REF000363
TXN000364,D0345,Credit,288.05,2422.54,Referral Bonus,Completed,2026-04-20 15:25:05,REF000364
TXN000365,D0376,Debit,-440.69,3173.86,Event Registration,Completed,2026-05-15 15:25:05,REF000365
TXN000366,D0487,Credit,273.73,2453.46,Donation Completed,Completed,2026-01-01 15:25:05,REF000366
TXN000367,D0107,Credit,267.26,1315.37,Donation Completed,Completed,2026-03-01 15:25:05,REF000367
TXN000368,D0324,Credit,293.69,3284.7,Referral Bonus,Completed,2026-04-21 15:25:05,REF000368
TXN000369,D0450,Debit,-106.23,3339.88,Withdrawal,Completed,2026-02-01 15:25:05,REF000369
TXN000370,D0408,Debit,-339.29,2404.8,Certificate Fee,Completed,2026-05-13 15:25:05,REF000370
TXN000371,D0113,Credit,267.84,2235.86,Referral Bonus,Completed,2026-04-04 15:25:05,REF000371
TXN000372,D0340,Debit,-420.71,4781.58,Withdrawal,Completed,2025-12-19 15:25:05,REF000372
TXN000373,D0059,Debit,-320.86,640.29,Certificate Fee,Completed,2026-02-03 15:25:05,REF000373
TXN000374,D0431,Debit,-314.6,1174.3,Certificate Fee,Completed,2026-03-24 15:25:05,REF000374
TXN000375,D0138,Credit,124.32,3858.99,Event Participation,Completed,2026-04-01 15:25:05,REF000375
TXN000376,D0346,Debit,-323.88,2209.76,Event Registration,Completed,2026-02-24 15:25:05,REF000376
TXN000377,D0134,Credit,294.2,1094.74,Referral Bonus,Completed,2025-12-26 15:25:05,REF000377
TXN000378,D0420,Credit,279.05,1106.55,Referral Bonus,Completed,2026-04-25 15:25:05,REF000378
TXN000379,D0275,Credit,479.15,3066.52,Donation Completed,Completed,2026-03-14 15:25:05,REF000379
TXN000380,D0067,Credit,420.97,451.26,Donation Completed,Completed,2025-12-08 15:25:05,REF000380
TXN000381,D0171,Debit,-471.44,246.08,Certificate Fee,Completed,2026-04-14 15:25:05,REF000381
TXN000382,D0186,Credit,435.26,1977.63,Bridge Participation,Completed,2026-04-09 15:25:05,REF000382
TXN000383,D0149,Credit,232.6,1078.08,Referral Bonus,Completed,2026-04-04 15:25:05,REF000383
TXN000384,D0482,Credit,438.19,3775.61,Donation Completed,Completed,2026-01-23 15:25:05,REF000384
TXN000385,D0053,Debit,-480.97,1415.45,Event Registration,Completed,2026-05-31 15:25:05,REF000385
TXN000386,D0118,Credit,208.98,618.21,Donation Completed,Completed,2026-03-02 15:25:05,REF000386
TXN000387,D0336,Debit,-131.77,4383.11,Withdrawal,Completed,2026-05-16 15:25:05,REF000387
TXN000388,D0040,Credit,108.06,3713.26,Event Participation,Completed,2026-01-19 15:25:05,REF000388
TXN000389,D0310,Credit,394.35,3963.1,Donation Completed,Completed,2026-04-18 15:25:05,REF000389
TXN000390,D0426,Debit,-308.68,3717.42,Event Registration,Completed,2026-03-21 15:25:05,REF000390
TXN000391,D0141,Debit,-455.14,4846.31,Withdrawal,Completed,2026-01-10 15:25:05,REF000391
TXN000392,D0242,Debit,-306.71,1111.26,Event Registration,Completed,2026-02-22 15:25:05,REF000392
TXN000393,D0288,Debit,-372.01,3514.4,Event Registration,Completed,2026-01-28 15:25:05,REF000393
TXN000394,D0126,Debit,-53.08,3637.79,Withdrawal,Completed,2026-03-03 15:25:05,REF000394
TXN000395,D0391,Credit,189.62,4875.95,Event Participation,Completed,2026-02-25 15:25:05,REF000395
TXN000396,D0395,Credit,247.93,2815.77,Event Participation,Completed,2025-12-24 15:25:05,REF000396
TXN000397,D0160,Debit,-135.64,4879.09,Withdrawal,Completed,2026-05-13 15:25:05,REF000397
TXN000398,D0288,Credit,445.93,2449.06,Bridge Participation,Completed,2026-04-04 15:25:05,REF000398
TXN000399,D0043,Credit,346.6,2367.57,Event Participation,Completed,2026-01-12 15:25:05,REF000399
TXN000400,D0390,Credit,406.96,1260.12,Donation Completed,Completed,2026-03-19 15:25:05,REF000400
TXN000401,D0380,Debit,-483.57,3444.99,Withdrawal,Completed,2026-01-04 15:25:05,REF000401
TXN000402,D0209,Credit,376.16,3775.19,Referral Bonus,Completed,2026-02-01 15:25:05,REF000402
TXN000403,D0280,Debit,-68.24,1178.7,Event Registration,Completed,2026-02-08 15:25:05,REF000403
TXN000404,D0363,Debit,-250.34,3698.42,Certificate Fee,Completed,2026-05-17 15:25:05,REF000404
TXN000405,D0472,Credit,379.7,1878.43,Event Participation,Completed,2026-06-03 15:25:05,REF000405
TXN000406,D0083,Credit,178.95,4348.75,Bridge Participation,Completed,2026-05-08 15:25:05,REF000406
TXN000407,D0020,Debit,-423.18,4015.77,Event Registration,Completed,2026-02-02 15:25:05,REF000407
TXN000408,D0072,Debit,-495.83,587.92,Event Registration,Completed,2026-03-23 15:25:05,REF000408
TXN000409,D0369,Debit,-354.93,4447.73,Certificate Fee,Completed,2026-01-13 15:25:05,REF000409
TXN000410,D0333,Credit,216.08,3425.12,Bridge Participation,Completed,2025-12-31 15:25:05,REF000410
TXN000411,D0488,Debit,-227.97,2360.55,Certificate Fee,Completed,2026-04-14 15:25:05,REF000411
TXN000412,D0480,Debit,-175.94,4261.98,Certificate Fee,Completed,2026-05-03 15:25:05,REF000412
TXN000413,D0085,Debit,-357.04,896.13,Withdrawal,Completed,2026-02-06 15:25:05,REF000413
TXN000414,D0035,Credit,380.59,996.34,Referral Bonus,Completed,2026-05-13 15:25:05,REF000414
TXN000415,D0276,Debit,-457.38,3124.86,Event Registration,Completed,2026-01-05 15:25:05,REF000415
TXN000416,D0081,Credit,354.54,4416.72,Referral Bonus,Completed,2026-03-10 15:25:05,REF000416
TXN000417,D0322,Credit,209.83,4103.77,Bridge Participation,Completed,2026-02-17 15:25:05,REF000417
TXN000418,D0300,Debit,-218.97,2016.34,Event Registration,Completed,2026-04-02 15:25:05,REF000418
TXN000419,D0288,Credit,337.06,514.88,Donation Completed,Completed,2026-04-12 15:25:05,REF000419
TXN000420,D0144,Credit,325.46,633.52,Referral Bonus,Completed,2026-01-24 15:25:05,REF000420
TXN000421,D0301,Debit,-240.95,4267.0,Event Registration,Completed,2026-01-03 15:25:05,REF000421
TXN000422,D0142,Debit,-424.36,3916.82,Withdrawal,Completed,2026-04-12 15:25:05,REF000422
TXN000423,D0047,Credit,165.93,4373.07,Bridge Participation,Completed,2026-03-16 15:25:05,REF000423
TXN000424,D0040,Credit,304.68,2198.45,Bridge Participation,Completed,2025-12-18 15:25:05,REF000424
TXN000425,D0242,Debit,-274.83,586.48,Event Registration,Completed,2026-01-14 15:25:05,REF000425
TXN000426,D0202,Debit,-182.19,1774.96,Event Registration,Completed,2026-01-24 15:25:05,REF000426
TXN000427,D0163,Credit,482.14,4727.45,Bridge Participation,Completed,2026-03-27 15:25:05,REF000427
TXN000428,D0365,Credit,324.19,2450.47,Event Participation,Completed,2026-04-03 15:25:05,REF000428
TXN000429,D0351,Credit,360.84,890.06,Event Participation,Completed,2026-03-05 15:25:05,REF000429
TXN000430,D0438,Debit,-344.3,2120.39,Certificate Fee,Completed,2025-12-31 15:25:05,REF000430
TXN000431,D0287,Credit,249.68,4665.96,Event Participation,Completed,2026-06-04 15:25:05,REF000431
TXN000432,D0101,Debit,-263.3,28.07,Event Registration,Completed,2026-03-19 15:25:05,REF000432
TXN000433,D0169,Credit,466.32,2513.97,Referral Bonus,Completed,2026-06-03 15:25:05,REF000433
TXN000434,D0311,Debit,-208.75,3208.37,Withdrawal,Completed,2026-02-25 15:25:05,REF000434
TXN000435,D0023,Debit,-218.63,4855.7,Event Registration,Completed,2026-05-30 15:25:05,REF000435
TXN000436,D0442,Debit,-215.49,2451.5,Certificate Fee,Completed,2026-02-05 15:25:05,REF000436
TXN000437,D0384,Credit,247.81,3064.6,Donation Completed,Completed,2026-04-28 15:25:05,REF000437
TXN000438,D0362,Credit,133.13,4170.32,Bridge Participation,Completed,2026-05-07 15:25:05,REF000438
TXN000439,D0029,Debit,-180.23,1571.18,Certificate Fee,Completed,2026-01-18 15:25:05,REF000439
TXN000440,D0143,Credit,233.07,3359.95,Donation Completed,Completed,2026-03-17 15:25:05,REF000440
TXN000441,D0460,Credit,306.54,4702.73,Referral Bonus,Completed,2026-02-23 15:25:05,REF000441
TXN000442,D0214,Credit,177.18,3806.47,Donation Completed,Completed,2026-04-30 15:25:05,REF000442
TXN000443,D0374,Debit,-422.34,222.54,Withdrawal,Completed,2026-01-02 15:25:05,REF000443
TXN000444,D0102,Debit,-214.12,4210.62,Withdrawal,Completed,2026-06-06 15:25:05,REF000444
TXN000445,D0160,Debit,-342.19,1707.26,Certificate Fee,Completed,2026-01-12 15:25:05,REF000445
TXN000446,D0429,Credit,135.26,4590.06,Event Participation,Completed,2026-04-21 15:25:05,REF000446
TXN000447,D0374,Credit,227.0,3133.12,Bridge Participation,Completed,2026-06-01 15:25:05,REF000447
TXN000448,D0393,Credit,187.01,1872.65,Donation Completed,Completed,2026-05-17 15:25:05,REF000448
TXN000449,D0450,Credit,434.92,3211.59,Referral Bonus,Completed,2026-04-19 15:25:05,REF000449
TXN000450,D0383,Credit,121.33,3529.57,Referral Bonus,Completed,2026-04-22 15:25:05,REF000450
TXN000451,D0143,Credit,265.59,4176.38,Referral Bonus,Completed,2026-03-29 15:25:05,REF000451
TXN000452,D0453,Credit,491.71,1296.77,Bridge Participation,Completed,2026-02-14 15:25:05,REF000452
TXN000453,D0136,Credit,242.06,1818.07,Event Participation,Completed,2025-12-24 15:25:05,REF000453
TXN000454,D0268,Debit,-190.83,852.37,Certificate Fee,Completed,2026-01-08 15:25:05,REF000454
TXN000455,D0198,Credit,497.5,2169.27,Bridge Participation,Completed,2025-12-23 15:25:05,REF000455
TXN000456,D0416,Debit,-346.02,4842.45,Withdrawal,Completed,2026-01-16 15:25:05,REF000456
TXN000457,D0425,Debit,-269.03,1053.61,Withdrawal,Completed,2026-04-12 15:25:05,REF000457
TXN000458,D0240,Debit,-85.14,2585.15,Withdrawal,Completed,2025-12-27 15:25:05,REF000458
TXN000459,D0096,Debit,-289.74,1614.95,Withdrawal,Completed,2026-01-13 15:25:05,REF000459
TXN000460,D0194,Credit,380.52,3147.36,Referral Bonus,Completed,2026-06-04 15:25:05,REF000460
TXN000461,D0082,Debit,-349.38,3239.41,Event Registration,Completed,2026-05-12 15:25:05,REF000461
TXN000462,D0096,Debit,-426.76,2733.89,Event Registration,Completed,2026-06-01 15:25:05,REF000462
TXN000463,D0225,Debit,-240.82,2174.84,Certificate Fee,Completed,2026-02-24 15:25:05,REF000463
TXN000464,D0243,Credit,389.35,3004.71,Referral Bonus,Completed,2026-02-03 15:25:05,REF000464
TXN000465,D0348,Debit,-481.94,4644.95,Event Registration,Completed,2026-04-08 15:25:05,REF000465
TXN000466,D0391,Credit,270.36,1346.8,Event Participation,Completed,2026-01-10 15:25:05,REF000466
TXN000467,D0206,Credit,304.88,4611.77,Bridge Participation,Completed,2026-01-05 15:25:05,REF000467
TXN000468,D0495,Credit,151.96,1665.74,Bridge Participation,Completed,2026-05-24 15:25:05,REF000468
TXN000469,D0497,Credit,417.15,707.3,Referral Bonus,Completed,2026-03-10 15:25:05,REF000469
TXN000470,D0235,Debit,-292.74,3293.04,Withdrawal,Completed,2026-04-16 15:25:05,REF000470
TXN000471,D0453,Credit,223.01,922.97,Referral Bonus,Completed,2026-04-15 15:25:05,REF000471
TXN000472,D0224,Credit,161.66,2776.74,Bridge Participation,Completed,2026-03-03 15:25:05,REF000472
TXN000473,D0003,Debit,-344.88,2354.0,Withdrawal,Completed,2025-12-13 15:25:05,REF000473
TXN000474,D0202,Credit,367.37,4156.73,Event Participation,Completed,2025-12-08 15:25:05,REF000474
TXN000475,D0125,Credit,151.4,3815.22,Event Participation,Completed,2026-05-03 15:25:05,REF000475
TXN000476,D0205,Debit,-131.09,3651.86,Event Registration,Completed,2026-02-18 15:25:05,REF000476
TXN000477,D0306,Debit,-467.75,2441.55,Certificate Fee,Completed,2026-01-07 15:25:05,REF000477
TXN000478,D0014,Credit,407.14,1845.66,Bridge Participation,Completed,2026-03-11 15:25:05,REF000478
TXN000479,D0257,Credit,465.83,3227.89,Event Participation,Completed,2026-05-02 15:25:05,REF000479
TXN000480,D0256,Credit,184.49,2177.0,Donation Completed,Completed,2026-03-12 15:25:05,REF000480
TXN000481,D0197,Credit,160.3,1555.46,Event Participation,Completed,2025-12-16 15:25:05,REF000481
TXN000482,D0421,Debit,-382.54,4775.09,Withdrawal,Completed,2026-04-22 15:25:05,REF000482
TXN000483,D0084,Debit,-267.19,532.15,Certificate Fee,Completed,2026-05-16 15:25:05,REF000483
TXN000484,D0178,Credit,421.42,61.12,Event Participation,Completed,2026-03-17 15:25:05,REF000484
TXN000485,D0066,Debit,-295.39,2430.7,Certificate Fee,Completed,2025-12-17 15:25:05,REF000485
TXN000486,D0206,Debit,-363.67,1293.25,Withdrawal,Completed,2025-12-26 15:25:05,REF000486
TXN000487,D0060,Debit,-332.23,2367.74,Certificate Fee,Completed,2026-03-13 15:25:05,REF000487
TXN000488,D0433,Debit,-146.53,4903.67,Withdrawal,Completed,2026-01-21 15:25:05,REF000488
TXN000489,D0389,Debit,-464.0,34.78,Certificate Fee,Completed,2026-01-06 15:25:05,REF000489
TXN000490,D0133,Credit,273.96,2323.82,Event Participation,Completed,2026-05-27 15:25:05,REF000490
TXN000491,D0063,Debit,-334.8,4445.83,Event Registration,Completed,2025-12-13 15:25:05,REF000491
TXN000492,D0190,Debit,-348.14,1480.72,Event Registration,Completed,2026-05-31 15:25:05,REF000492
TXN000493,D0278,Debit,-368.04,2085.3,Withdrawal,Completed,2026-02-12 15:25:05,REF000493
TXN000494,D0167,Debit,-483.97,558.42,Certificate Fee,Completed,2026-05-28 15:25:05,REF000494
TXN000495,D0273,Debit,-421.14,2674.93,Withdrawal,Completed,2026-05-05 15:25:05,REF000495
TXN000496,D0373,Credit,272.44,1373.48,Event Participation,Completed,2026-02-09 15:25:05,REF000496
TXN000497,D0353,Credit,116.26,1632.94,Event Participation,Completed,2026-05-28 15:25:05,REF000497
TXN000498,D0076,Credit,305.05,3627.0,Event Participation,Completed,2026-03-12 15:25:05,REF000498
TXN000499,D0475,Debit,-319.67,919.65,Event Registration,Completed,2026-04-02 15:25:05,REF000499
TXN000500,D0370,Credit,486.06,3968.22,Event Participation,Completed,2026-01-11 15:25:05,REF000500
TXN000501,D0134,Debit,-268.68,4271.22,Certificate Fee,Completed,2026-04-05 15:25:05,REF000501
TXN000502,D0356,Credit,329.33,1076.05,Referral Bonus,Completed,2026-02-15 15:25:05,REF000502
TXN000503,D0141,Credit,300.63,228.71,Referral Bonus,Completed,2026-02-24 15:25:05,REF000503
TXN000504,D0466,Credit,209.07,2035.91,Referral Bonus,Completed,2026-06-02 15:25:05,REF000504
TXN000505,D0401,Debit,-441.6,1335.27,Certificate Fee,Completed,2026-01-04 15:25:05,REF000505
TXN000506,D0405,Debit,-400.4,90.36,Withdrawal,Completed,2026-03-15 15:25:05,REF000506
TXN000507,D0114,Credit,391.27,3046.58,Referral Bonus,Completed,2026-02-09 15:25:05,REF000507
TXN000508,D0302,Debit,-232.15,2707.29,Certificate Fee,Completed,2026-02-05 15:25:05,REF000508
TXN000509,D0477,Credit,236.24,1731.83,Referral Bonus,Completed,2026-02-13 15:25:05,REF000509
TXN000510,D0078,Debit,-275.46,2661.2,Certificate Fee,Completed,2026-04-24 15:25:05,REF000510
TXN000511,D0345,Debit,-318.68,3303.49,Event Registration,Completed,2026-01-11 15:25:05,REF000511
TXN000512,D0496,Credit,324.53,1726.5,Event Participation,Completed,2026-04-14 15:25:05,REF000512
TXN000513,D0383,Debit,-368.68,1576.69,Event Registration,Completed,2025-12-16 15:25:05,REF000513
TXN000514,D0240,Credit,349.95,833.67,Bridge Participation,Completed,2026-03-08 15:25:05,REF000514
TXN000515,D0290,Debit,-51.88,117.04,Event Registration,Completed,2026-03-26 15:25:05,REF000515
TXN000516,D0285,Debit,-331.12,2687.96,Withdrawal,Completed,2026-03-02 15:25:05,REF000516
TXN000517,D0311,Credit,258.3,1056.53,Donation Completed,Completed,2026-05-09 15:25:05,REF000517
TXN000518,D0293,Debit,-110.8,3834.37,Withdrawal,Completed,2026-02-24 15:25:05,REF000518
TXN000519,D0282,Debit,-161.92,2090.9,Event Registration,Completed,2026-01-04 15:25:05,REF000519
TXN000520,D0143,Debit,-216.38,3321.17,Event Registration,Completed,2025-12-13 15:25:05,REF000520
TXN000521,D0492,Debit,-258.97,1960.87,Certificate Fee,Completed,2026-02-23 15:25:05,REF000521
TXN000522,D0254,Debit,-128.24,2247.28,Event Registration,Completed,2026-04-22 15:25:05,REF000522
TXN000523,D0205,Debit,-260.3,1670.27,Withdrawal,Completed,2026-02-08 15:25:05,REF000523
TXN000524,D0336,Credit,253.34,3265.52,Donation Completed,Completed,2026-02-19 15:25:05,REF000524
TXN000525,D0211,Credit,347.55,692.86,Donation Completed,Completed,2025-12-30 15:25:05,REF000525
TXN000526,D0258,Credit,478.2,1625.1,Event Participation,Completed,2026-04-04 15:25:05,REF000526
TXN000527,D0086,Debit,-459.07,1851.48,Certificate Fee,Completed,2026-01-04 15:25:05,REF000527
TXN000528,D0453,Debit,-269.9,965.16,Certificate Fee,Completed,2026-04-26 15:25:05,REF000528
TXN000529,D0235,Debit,-106.41,876.05,Certificate Fee,Completed,2026-04-16 15:25:05,REF000529
TXN000530,D0166,Credit,125.93,154.45,Referral Bonus,Completed,2026-01-10 15:25:05,REF000530
TXN000531,D0237,Debit,-192.35,2218.27,Withdrawal,Completed,2026-04-06 15:25:05,REF000531
TXN000532,D0408,Credit,300.09,555.79,Event Participation,Completed,2026-01-03 15:25:05,REF000532
TXN000533,D0429,Debit,-389.81,3610.23,Withdrawal,Completed,2026-05-20 15:25:05,REF000533
TXN000534,D0004,Credit,446.83,4977.67,Event Participation,Completed,2026-02-28 15:25:05,REF000534
TXN000535,D0037,Debit,-102.49,2686.71,Event Registration,Completed,2026-01-02 15:25:05,REF000535
TXN000536,D0332,Credit,292.32,3630.16,Event Participation,Completed,2026-03-24 15:25:05,REF000536
TXN000537,D0416,Debit,-154.06,1816.87,Certificate Fee,Completed,2026-01-27 15:25:05,REF000537
TXN000538,D0323,Debit,-145.66,518.12,Event Registration,Completed,2026-03-31 15:25:05,REF000538
TXN000539,D0389,Credit,246.59,3282.68,Bridge Participation,Completed,2026-05-01 15:25:05,REF000539
TXN000540,D0468,Credit,184.03,485.63,Event Participation,Completed,2025-12-24 15:25:05,REF000540
TXN000541,D0356,Credit,459.68,2457.88,Event Participation,Completed,2026-04-05 15:25:05,REF000541
TXN000542,D0388,Debit,-367.12,2223.36,Event Registration,Completed,2026-02-11 15:25:05,REF000542
TXN000543,D0359,Debit,-376.12,178.72,Certificate Fee,Completed,2026-05-02 15:25:05,REF000543
TXN000544,D0076,Debit,-400.54,1854.26,Withdrawal,Completed,2026-03-06 15:25:05,REF000544
TXN000545,D0366,Debit,-74.84,791.51,Event Registration,Completed,2025-12-26 15:25:05,REF000545
TXN000546,D0157,Debit,-302.06,1474.4,Certificate Fee,Completed,2025-12-11 15:25:05,REF000546
TXN000547,D0066,Credit,443.66,1286.53,Referral Bonus,Completed,2026-04-09 15:25:05,REF000547
TXN000548,D0015,Credit,159.35,60.33,Referral Bonus,Completed,2026-03-05 15:25:05,REF000548
TXN000549,D0370,Debit,-221.69,852.05,Event Registration,Completed,2026-03-10 15:25:05,REF000549
TXN000550,D0330,Credit,309.33,1889.89,Referral Bonus,Completed,2026-02-02 15:25:05,REF000550
TXN000551,D0332,Credit,170.15,4485.67,Event Participation,Completed,2026-06-03 15:25:05,REF000551
TXN000552,D0343,Credit,189.93,1032.15,Referral Bonus,Completed,2026-04-29 15:25:05,REF000552
TXN000553,D0143,Credit,242.6,2296.61,Bridge Participation,Completed,2025-12-25 15:25:05,REF000553
TXN000554,D0465,Credit,396.55,1817.8,Bridge Participation,Completed,2026-05-29 15:25:05,REF000554
TXN000555,D0205,Credit,302.97,1357.37,Referral Bonus,Completed,2026-01-21 15:25:05,REF000555
TXN000556,D0434,Credit,278.65,2614.74,Donation Completed,Completed,2026-04-05 15:25:05,REF000556
TXN000557,D0132,Credit,191.34,3586.9,Bridge Participation,Completed,2026-04-22 15:25:05,REF000557
TXN000558,D0021,Debit,-375.14,3715.55,Certificate Fee,Completed,2026-05-21 15:25:05,REF000558
TXN000559,D0464,Credit,124.35,1137.93,Referral Bonus,Completed,2026-01-08 15:25:05,REF000559
TXN000560,D0390,Debit,-455.78,4408.2,Event Registration,Completed,2026-05-24 15:25:05,REF000560
TXN000561,D0164,Credit,291.32,2209.49,Bridge Participation,Completed,2026-02-05 15:25:05,REF000561
TXN000562,D0102,Credit,339.32,1499.8,Bridge Participation,Completed,2026-06-04 15:25:05,REF000562
TXN000563,D0298,Debit,-176.01,2213.21,Withdrawal,Completed,2025-12-24 15:25:05,REF000563
TXN000564,D0100,Debit,-386.71,2035.84,Withdrawal,Completed,2026-03-29 15:25:05,REF000564
TXN000565,D0253,Credit,302.92,2571.0,Referral Bonus,Completed,2025-12-23 15:25:05,REF000565
TXN000566,D0154,Debit,-387.94,1376.44,Certificate Fee,Completed,2026-01-14 15:25:05,REF000566
TXN000567,D0258,Debit,-301.98,4886.14,Certificate Fee,Completed,2026-04-21 15:25:05,REF000567
TXN000568,D0250,Credit,457.35,2547.74,Referral Bonus,Completed,2026-01-31 15:25:05,REF000568
TXN000569,D0084,Credit,404.18,3364.88,Donation Completed,Completed,2026-05-13 15:25:05,REF000569
TXN000570,D0474,Debit,-212.95,2692.95,Event Registration,Completed,2026-04-21 15:25:05,REF000570
TXN000571,D0100,Credit,185.29,2508.9,Bridge Participation,Completed,2026-03-17 15:25:05,REF000571
TXN000572,D0393,Debit,-191.86,4637.76,Withdrawal,Completed,2026-04-14 15:25:05,REF000572
TXN000573,D0293,Credit,162.56,3831.99,Referral Bonus,Completed,2026-04-24 15:25:05,REF000573
TXN000574,D0437,Credit,230.27,2582.33,Bridge Participation,Completed,2026-02-05 15:25:05,REF000574
TXN000575,D0335,Debit,-378.78,4664.22,Certificate Fee,Completed,2026-02-06 15:25:05,REF000575
TXN000576,D0479,Debit,-434.76,1668.61,Event Registration,Completed,2026-03-08 15:25:05,REF000576
TXN000577,D0425,Debit,-361.39,2816.43,Event Registration,Completed,2026-02-20 15:25:05,REF000577
TXN000578,D0003,Debit,-64.09,1768.06,Withdrawal,Completed,2026-05-02 15:25:05,REF000578
TXN000579,D0500,Debit,-491.23,3521.69,Event Registration,Completed,2026-04-14 15:25:05,REF000579
TXN000580,D0339,Debit,-125.35,118.39,Event Registration,Completed,2026-02-17 15:25:05,REF000580
TXN000581,D0405,Debit,-248.87,3695.08,Event Registration,Completed,2026-04-12 15:25:05,REF000581
TXN000582,D0317,Debit,-451.92,1215.69,Event Registration,Completed,2026-03-15 15:25:05,REF000582
TXN000583,D0371,Debit,-233.18,4760.23,Certificate Fee,Completed,2026-05-26 15:25:05,REF000583
TXN000584,D0400,Debit,-68.12,3532.44,Certificate Fee,Completed,2026-04-04 15:25:05,REF000584
TXN000585,D0144,Debit,-454.35,3198.14,Withdrawal,Completed,2026-03-28 15:25:05,REF000585
TXN000586,D0276,Debit,-84.38,555.15,Event Registration,Completed,2026-05-03 15:25:05,REF000586
TXN000587,D0451,Credit,490.87,3662.25,Referral Bonus,Completed,2026-04-29 15:25:05,REF000587
TXN000588,D0448,Credit,329.64,2809.18,Referral Bonus,Completed,2026-02-14 15:25:05,REF000588
TXN000589,D0126,Debit,-254.04,3303.45,Certificate Fee,Completed,2026-01-15 15:25:05,REF000589
TXN000590,D0272,Debit,-490.17,3860.5,Certificate Fee,Completed,2026-05-20 15:25:05,REF000590
TXN000591,D0446,Debit,-92.7,2229.2,Event Registration,Completed,2026-04-13 15:25:05,REF000591
TXN000592,D0095,Debit,-397.54,1811.02,Event Registration,Completed,2026-04-17 15:25:05,REF000592
TXN000593,D0347,Debit,-228.37,4663.41,Event Registration,Completed,2026-05-02 15:25:05,REF000593
TXN000594,D0062,Debit,-321.66,2431.79,Event Registration,Completed,2026-05-25 15:25:05,REF000594
TXN000595,D0426,Credit,106.48,2186.03,Referral Bonus,Completed,2026-05-29 15:25:05,REF000595
TXN000596,D0492,Debit,-278.6,2874.08,Certificate Fee,Completed,2025-12-26 15:25:05,REF000596
TXN000597,D0035,Credit,489.69,3902.94,Donation Completed,Completed,2026-01-21 15:25:05,REF000597
TXN000598,D0082,Credit,344.01,4964.75,Event Participation,Completed,2026-05-19 15:25:05,REF000598
TXN000599,D0393,Debit,-290.43,4446.78,Event Registration,Completed,2026-04-29 15:25:05,REF000599
TXN000600,D0334,Debit,-418.25,2876.12,Withdrawal,Completed,2026-02-10 15:25:05,REF000600
TXN000601,D0271,Debit,-319.34,1469.07,Withdrawal,Completed,2025-12-29 15:25:05,REF000601
TXN000602,D0425,Debit,-496.16,1611.92,Withdrawal,Completed,2026-04-29 15:25:05,REF000602
TXN000603,D0133,Credit,312.95,3268.06,Referral Bonus,Completed,2026-04-16 15:25:05,REF000603
TXN000604,D0395,Debit,-109.74,763.02,Certificate Fee,Completed,2026-04-30 15:25:05,REF000604
TXN000605,D0106,Debit,-454.6,2667.11,Withdrawal,Completed,2026-05-27 15:25:05,REF000605
TXN000606,D0400,Credit,481.86,1637.31,Referral Bonus,Completed,2026-03-18 15:25:05,REF000606
TXN000607,D0476,Credit,180.68,816.44,Bridge Participation,Completed,2026-03-29 15:25:05,REF000607
TXN000608,D0120,Credit,110.92,4388.19,Referral Bonus,Completed,2026-02-14 15:25:05,REF000608
TXN000609,D0064,Debit,-300.22,3719.71,Withdrawal,Completed,2026-04-14 15:25:05,REF000609
TXN000610,D0195,Credit,275.42,993.19,Event Participation,Completed,2026-03-01 15:25:05,REF000610
TXN000611,D0303,Credit,487.7,2533.52,Donation Completed,Completed,2026-01-09 15:25:05,REF000611
TXN000612,D0371,Credit,402.64,601.79,Bridge Participation,Completed,2026-02-01 15:25:05,REF000612
TXN000613,D0380,Debit,-52.09,2075.64,Certificate Fee,Completed,2026-04-14 15:25:05,REF000613
TXN000614,D0047,Debit,-385.12,559.96,Event Registration,Completed,2026-02-10 15:25:05,REF000614
TXN000615,D0009,Credit,421.36,2001.54,Event Participation,Completed,2026-05-12 15:25:05,REF000615
TXN000616,D0182,Debit,-123.56,2170.74,Event Registration,Completed,2025-12-22 15:25:05,REF000616
TXN000617,D0154,Credit,360.17,4050.85,Donation Completed,Completed,2026-02-06 15:25:05,REF000617
TXN000618,D0009,Debit,-208.69,1616.35,Certificate Fee,Completed,2026-05-01 15:25:05,REF000618
TXN000619,D0434,Credit,325.83,639.74,Bridge Participation,Completed,2026-04-28 15:25:05,REF000619
TXN000620,D0072,Debit,-472.47,4011.9,Withdrawal,Completed,2025-12-19 15:25:05,REF000620
TXN000621,D0151,Debit,-313.31,787.41,Certificate Fee,Completed,2026-04-23 15:25:05,REF000621
TXN000622,D0090,Credit,246.03,4624.77,Bridge Participation,Completed,2026-04-26 15:25:05,REF000622
TXN000623,D0016,Debit,-362.27,3126.56,Withdrawal,Completed,2026-03-31 15:25:05,REF000623
TXN000624,D0319,Debit,-147.53,1657.91,Withdrawal,Completed,2026-02-06 15:25:05,REF000624
TXN000625,D0018,Credit,118.6,1885.18,Event Participation,Completed,2026-01-04 15:25:05,REF000625
TXN000626,D0370,Credit,140.05,1743.33,Bridge Participation,Completed,2026-04-10 15:25:05,REF000626
TXN000627,D0048,Debit,-449.42,2378.45,Withdrawal,Completed,2026-02-20 15:25:05,REF000627
TXN000628,D0439,Debit,-114.39,4047.13,Withdrawal,Completed,2026-06-06 15:25:05,REF000628
TXN000629,D0160,Debit,-95.2,1284.31,Event Registration,Completed,2026-03-16 15:25:05,REF000629
TXN000630,D0337,Debit,-199.21,481.99,Certificate Fee,Completed,2026-01-31 15:25:05,REF000630
TXN000631,D0384,Credit,187.72,649.04,Bridge Participation,Completed,2026-05-01 15:25:05,REF000631
TXN000632,D0116,Credit,386.91,1411.5,Donation Completed,Completed,2025-12-31 15:25:05,REF000632
TXN000633,D0054,Credit,200.27,3650.15,Bridge Participation,Completed,2026-03-21 15:25:05,REF000633
TXN000634,D0169,Debit,-234.15,2584.52,Certificate Fee,Completed,2026-03-30 15:25:05,REF000634
TXN000635,D0390,Credit,268.81,3306.01,Referral Bonus,Completed,2026-01-09 15:25:05,REF000635
TXN000636,D0378,Credit,352.75,3970.97,Event Participation,Completed,2026-04-21 15:25:05,REF000636
TXN000637,D0008,Credit,434.15,1189.15,Donation Completed,Completed,2026-02-25 15:25:05,REF000637
TXN000638,D0166,Credit,293.54,1719.51,Event Participation,Completed,2025-12-28 15:25:05,REF000638
TXN000639,D0446,Debit,-53.29,2265.97,Event Registration,Completed,2026-03-31 15:25:05,REF000639
TXN000640,D0280,Debit,-164.77,3277.3,Withdrawal,Completed,2026-01-26 15:25:05,REF000640
TXN000641,D0474,Debit,-51.49,931.6,Event Registration,Completed,2026-03-11 15:25:05,REF000641
TXN000642,D0414,Debit,-294.66,482.52,Certificate Fee,Completed,2026-03-11 15:25:05,REF000642
TXN000643,D0391,Debit,-148.12,2132.57,Withdrawal,Completed,2026-05-31 15:25:05,REF000643
TXN000644,D0494,Credit,190.85,2287.17,Donation Completed,Completed,2026-05-09 15:25:05,REF000644
TXN000645,D0062,Debit,-107.01,1535.15,Withdrawal,Completed,2026-02-15 15:25:05,REF000645
TXN000646,D0284,Credit,259.02,4706.25,Bridge Participation,Completed,2026-01-27 15:25:05,REF000646
TXN000647,D0100,Credit,410.36,993.39,Bridge Participation,Completed,2026-03-08 15:25:05,REF000647
TXN000648,D0270,Credit,420.1,1813.28,Donation Completed,Completed,2026-04-09 15:25:05,REF000648
TXN000649,D0356,Credit,163.5,3401.98,Referral Bonus,Completed,2025-12-26 15:25:05,REF000649
TXN000650,D0325,Credit,316.33,4775.65,Bridge Participation,Completed,2026-02-18 15:25:05,REF000650
TXN000651,D0440,Credit,119.56,4845.73,Referral Bonus,Completed,2026-02-24 15:25:05,REF000651
TXN000652,D0152,Debit,-62.6,4468.72,Certificate Fee,Completed,2026-02-07 15:25:05,REF000652
TXN000653,D0165,Credit,100.14,1256.65,Referral Bonus,Completed,2026-01-15 15:25:05,REF000653
TXN000654,D0343,Debit,-84.63,3065.59,Withdrawal,Completed,2026-05-20 15:25:05,REF000654
TXN000655,D0031,Debit,-435.29,4112.21,Withdrawal,Completed,2026-04-05 15:25:05,REF000655
TXN000656,D0201,Credit,256.4,966.86,Event Participation,Completed,2026-03-09 15:25:05,REF000656
TXN000657,D0037,Credit,156.18,2007.2,Referral Bonus,Completed,2026-01-08 15:25:05,REF000657
TXN000658,D0484,Credit,277.35,3361.19,Bridge Participation,Completed,2026-03-15 15:25:05,REF000658
TXN000659,D0006,Credit,309.7,3858.29,Referral Bonus,Completed,2026-01-04 15:25:05,REF000659
TXN000660,D0242,Credit,219.53,624.32,Event Participation,Completed,2026-01-01 15:25:05,REF000660
TXN000661,D0233,Credit,452.09,3771.25,Donation Completed,Completed,2026-03-11 15:25:05,REF000661
TXN000662,D0449,Debit,-328.32,4455.58,Withdrawal,Completed,2026-05-09 15:25:05,REF000662
TXN000663,D0321,Debit,-236.76,4381.21,Event Registration,Completed,2025-12-11 15:25:05,REF000663
TXN000664,D0444,Debit,-398.91,515.25,Event Registration,Completed,2026-01-03 15:25:05,REF000664
TXN000665,D0492,Debit,-108.79,3324.55,Withdrawal,Completed,2025-12-09 15:25:05,REF000665
TXN000666,D0494,Debit,-474.51,525.95,Event Registration,Completed,2026-03-27 15:25:05,REF000666
TXN000667,D0432,Debit,-211.88,1644.15,Event Registration,Completed,2025-12-18 15:25:05,REF000667
TXN000668,D0429,Debit,-462.61,505.65,Event Registration,Completed,2026-02-02 15:25:05,REF000668
TXN000669,D0125,Debit,-234.01,3328.14,Withdrawal,Completed,2026-05-11 15:25:05,REF000669
TXN000670,D0400,Debit,-227.01,2828.1,Certificate Fee,Completed,2026-01-02 15:25:05,REF000670
TXN000671,D0266,Debit,-229.25,2951.72,Withdrawal,Completed,2025-12-24 15:25:05,REF000671
TXN000672,D0489,Credit,146.99,3820.15,Donation Completed,Completed,2026-03-06 15:25:05,REF000672
TXN000673,D0298,Debit,-176.77,199.32,Event Registration,Completed,2025-12-23 15:25:05,REF000673
TXN000674,D0404,Debit,-241.99,2613.83,Event Registration,Completed,2026-02-24 15:25:05,REF000674
TXN000675,D0417,Debit,-91.36,1080.2,Certificate Fee,Completed,2026-04-21 15:25:05,REF000675
TXN000676,D0013,Debit,-368.48,2060.72,Withdrawal,Completed,2026-05-30 15:25:05,REF000676
TXN000677,D0374,Debit,-338.63,3415.06,Event Registration,Completed,2026-03-08 15:25:05,REF000677
TXN000678,D0499,Credit,278.4,239.0,Referral Bonus,Completed,2026-02-09 15:25:05,REF000678
TXN000679,D0358,Debit,-405.78,3854.04,Withdrawal,Completed,2026-01-17 15:25:05,REF000679
TXN000680,D0332,Debit,-319.41,1742.7,Certificate Fee,Completed,2026-04-23 15:25:05,REF000680
TXN000681,D0433,Debit,-349.81,3082.01,Withdrawal,Completed,2026-04-09 15:25:05,REF000681
TXN000682,D0163,Debit,-88.62,452.16,Withdrawal,Completed,2026-02-23 15:25:05,REF000682
TXN000683,D0161,Debit,-416.21,1913.48,Certificate Fee,Completed,2026-03-31 15:25:05,REF000683
TXN000684,D0439,Debit,-348.35,2188.85,Event Registration,Completed,2026-03-06 15:25:05,REF000684
TXN000685,D0387,Credit,229.1,557.4,Bridge Participation,Completed,2026-01-09 15:25:05,REF000685
TXN000686,D0159,Debit,-257.79,1989.86,Certificate Fee,Completed,2025-12-10 15:25:05,REF000686
TXN000687,D0039,Credit,136.22,2989.85,Donation Completed,Completed,2025-12-19 15:25:05,REF000687
TXN000688,D0208,Debit,-177.85,2664.14,Withdrawal,Completed,2026-02-25 15:25:05,REF000688
TXN000689,D0069,Debit,-119.75,3681.41,Withdrawal,Completed,2026-03-23 15:25:05,REF000689
TXN000690,D0315,Credit,499.78,2212.68,Referral Bonus,Completed,2026-05-27 15:25:05,REF000690
TXN000691,D0126,Credit,110.54,1122.34,Referral Bonus,Completed,2025-12-11 15:25:05,REF000691
TXN000692,D0113,Credit,276.14,4057.63,Bridge Participation,Completed,2026-04-30 15:25:05,REF000692
TXN000693,D0007,Debit,-65.93,4287.66,Withdrawal,Completed,2026-02-03 15:25:05,REF000693
TXN000694,D0430,Debit,-249.65,4991.86,Event Registration,Completed,2026-04-18 15:25:05,REF000694
TXN000695,D0212,Credit,350.9,4443.02,Event Participation,Completed,2026-02-27 15:25:05,REF000695
TXN000696,D0383,Debit,-141.44,1819.84,Certificate Fee,Completed,2026-03-31 15:25:05,REF000696
TXN000697,D0221,Debit,-94.98,4684.61,Event Registration,Completed,2026-03-17 15:25:05,REF000697
TXN000698,D0277,Debit,-68.86,672.46,Withdrawal,Completed,2025-12-09 15:25:05,REF000698
TXN000699,D0127,Credit,492.4,3921.09,Donation Completed,Completed,2026-01-28 15:25:05,REF000699
TXN000700,D0363,Debit,-358.93,4036.27,Certificate Fee,Completed,2026-01-03 15:25:05,REF000700
TXN000701,D0117,Debit,-184.03,4882.47,Certificate Fee,Completed,2026-04-10 15:25:05,REF000701
TXN000702,D0239,Debit,-123.52,2301.19,Certificate Fee,Completed,2026-02-14 15:25:05,REF000702
TXN000703,D0255,Debit,-71.08,856.71,Withdrawal,Completed,2026-01-14 15:25:05,REF000703
TXN000704,D0230,Credit,290.65,3531.55,Referral Bonus,Completed,2026-05-21 15:25:05,REF000704
TXN000705,D0350,Debit,-70.37,1380.45,Withdrawal,Completed,2026-04-03 15:25:05,REF000705
TXN000706,D0486,Credit,272.33,3821.83,Event Participation,Completed,2026-05-03 15:25:05,REF000706
TXN000707,D0203,Credit,223.93,3486.03,Event Participation,Completed,2026-03-21 15:25:05,REF000707
TXN000708,D0170,Credit,157.69,2698.06,Event Participation,Completed,2025-12-14 15:25:05,REF000708
TXN000709,D0301,Debit,-63.1,264.85,Withdrawal,Completed,2026-03-07 15:25:05,REF000709
TXN000710,D0301,Credit,345.54,2648.86,Donation Completed,Completed,2026-04-26 15:25:05,REF000710
TXN000711,D0376,Credit,491.91,3868.67,Bridge Participation,Completed,2026-04-22 15:25:05,REF000711
TXN000712,D0428,Credit,359.76,2474.88,Donation Completed,Completed,2026-05-07 15:25:05,REF000712
TXN000713,D0170,Credit,478.46,2870.01,Donation Completed,Completed,2025-12-13 15:25:05,REF000713
TXN000714,D0199,Debit,-186.61,692.55,Event Registration,Completed,2026-03-11 15:25:05,REF000714
TXN000715,D0094,Credit,242.06,3536.31,Referral Bonus,Completed,2026-04-03 15:25:05,REF000715
TXN000716,D0256,Credit,204.2,1003.04,Bridge Participation,Completed,2026-03-09 15:25:05,REF000716
TXN000717,D0332,Credit,280.69,470.14,Referral Bonus,Completed,2026-04-02 15:25:05,REF000717
TXN000718,D0011,Credit,373.08,477.45,Donation Completed,Completed,2026-06-06 15:25:05,REF000718
TXN000719,D0494,Credit,230.74,1531.32,Donation Completed,Completed,2026-01-12 15:25:05,REF000719
TXN000720,D0289,Debit,-69.93,942.41,Withdrawal,Completed,2025-12-30 15:25:05,REF000720
TXN000721,D0256,Credit,490.31,484.83,Bridge Participation,Completed,2025-12-14 15:25:05,REF000721
TXN000722,D0468,Credit,329.59,4457.18,Referral Bonus,Completed,2025-12-08 15:25:05,REF000722
TXN000723,D0434,Credit,425.74,2225.53,Bridge Participation,Completed,2025-12-29 15:25:05,REF000723
TXN000724,D0020,Credit,474.01,538.87,Referral Bonus,Completed,2025-12-14 15:25:05,REF000724
TXN000725,D0093,Credit,299.06,3017.52,Donation Completed,Completed,2026-01-01 15:25:05,REF000725
TXN000726,D0472,Debit,-82.13,2739.9,Event Registration,Completed,2026-02-27 15:25:05,REF000726
TXN000727,D0402,Debit,-199.08,327.32,Withdrawal,Completed,2026-04-04 15:25:05,REF000727
TXN000728,D0188,Credit,484.15,2453.84,Bridge Participation,Completed,2026-02-23 15:25:05,REF000728
TXN000729,D0022,Debit,-87.53,4605.62,Withdrawal,Completed,2025-12-20 15:25:05,REF000729
TXN000730,D0363,Credit,365.41,1602.77,Donation Completed,Completed,2026-01-23 15:25:05,REF000730
TXN000731,D0289,Debit,-210.56,1412.81,Certificate Fee,Completed,2026-05-03 15:25:05,REF000731
TXN000732,D0230,Credit,477.7,2131.6,Referral Bonus,Completed,2026-02-15 15:25:05,REF000732
TXN000733,D0194,Credit,109.53,521.59,Event Participation,Completed,2026-01-14 15:25:05,REF000733
TXN000734,D0248,Debit,-276.07,3931.8,Event Registration,Completed,2026-03-25 15:25:05,REF000734
TXN000735,D0395,Credit,175.23,445.94,Donation Completed,Completed,2026-01-07 15:25:05,REF000735
TXN000736,D0383,Credit,395.7,2671.46,Referral Bonus,Completed,2026-05-25 15:25:05,REF000736
TXN000737,D0495,Debit,-415.29,4820.94,Event Registration,Completed,2026-05-24 15:25:05,REF000737
TXN000738,D0422,Debit,-271.23,4246.1,Certificate Fee,Completed,2026-01-27 15:25:05,REF000738
TXN000739,D0190,Credit,139.46,4749.82,Bridge Participation,Completed,2026-04-11 15:25:05,REF000739
TXN000740,D0365,Debit,-178.68,2476.38,Withdrawal,Completed,2026-01-11 15:25:05,REF000740
TXN000741,D0328,Credit,468.83,1030.15,Donation Completed,Completed,2025-12-12 15:25:05,REF000741
TXN000742,D0060,Debit,-93.02,3297.97,Withdrawal,Completed,2026-03-14 15:25:05,REF000742
TXN000743,D0091,Debit,-332.7,4188.94,Withdrawal,Completed,2026-05-26 15:25:05,REF000743
TXN000744,D0080,Credit,348.71,1290.93,Bridge Participation,Completed,2026-02-18 15:25:05,REF000744
TXN000745,D0349,Debit,-76.88,3266.68,Withdrawal,Completed,2026-03-29 15:25:05,REF000745
TXN000746,D0210,Credit,429.42,1885.66,Event Participation,Completed,2026-04-19 15:25:05,REF000746
TXN000747,D0419,Debit,-229.94,3132.69,Event Registration,Completed,2026-02-25 15:25:05,REF000747
TXN000748,D0022,Debit,-201.67,1114.87,Withdrawal,Completed,2025-12-25 15:25:05,REF000748
TXN000749,D0059,Credit,460.89,2442.68,Bridge Participation,Completed,2026-04-21 15:25:05,REF000749
TXN000750,D0275,Debit,-75.42,1282.5,Withdrawal,Completed,2025-12-14 15:25:05,REF000750
TXN000751,D0367,Debit,-258.68,1423.52,Event Registration,Completed,2026-01-12 15:25:05,REF000751
TXN000752,D0134,Credit,257.96,4428.0,Donation Completed,Completed,2026-04-16 15:25:05,REF000752
TXN000753,D0487,Credit,180.32,2591.13,Event Participation,Completed,2026-05-28 15:25:05,REF000753
TXN000754,D0241,Debit,-449.87,190.16,Withdrawal,Completed,2026-02-27 15:25:05,REF000754
TXN000755,D0095,Credit,196.7,3076.6,Donation Completed,Completed,2026-02-14 15:25:05,REF000755
TXN000756,D0379,Credit,338.8,205.26,Event Participation,Completed,2026-01-29 15:25:05,REF000756
TXN000757,D0393,Credit,389.96,218.79,Bridge Participation,Completed,2026-06-03 15:25:05,REF000757
TXN000758,D0486,Credit,443.8,1254.01,Referral Bonus,Completed,2026-04-23 15:25:05,REF000758
TXN000759,D0180,Debit,-94.3,282.14,Withdrawal,Completed,2026-03-01 15:25:05,REF000759
TXN000760,D0079,Debit,-471.36,919.82,Certificate Fee,Completed,2026-04-18 15:25:05,REF000760
TXN000761,D0172,Debit,-107.9,346.91,Withdrawal,Completed,2026-04-05 15:25:05,REF000761
TXN000762,D0309,Debit,-427.51,2735.62,Certificate Fee,Completed,2026-03-17 15:25:05,REF000762
TXN000763,D0030,Credit,263.97,2671.37,Donation Completed,Completed,2025-12-30 15:25:05,REF000763
TXN000764,D0369,Credit,248.15,717.43,Referral Bonus,Completed,2026-05-11 15:25:05,REF000764
TXN000765,D0351,Credit,252.49,2813.56,Donation Completed,Completed,2026-02-27 15:25:05,REF000765
TXN000766,D0394,Credit,404.87,175.98,Bridge Participation,Completed,2026-01-18 15:25:05,REF000766
TXN000767,D0038,Credit,474.88,3223.95,Event Participation,Completed,2026-03-26 15:25:05,REF000767
TXN000768,D0352,Debit,-90.39,1188.35,Event Registration,Completed,2026-02-01 15:25:05,REF000768
TXN000769,D0314,Debit,-58.94,3183.49,Event Registration,Completed,2026-02-04 15:25:05,REF000769
TXN000770,D0471,Credit,314.58,1800.68,Event Participation,Completed,2026-05-01 15:25:05,REF000770
TXN000771,D0147,Credit,499.66,4409.69,Event Participation,Completed,2026-03-04 15:25:05,REF000771
TXN000772,D0379,Credit,422.18,719.92,Event Participation,Completed,2026-02-09 15:25:05,REF000772
TXN000773,D0211,Credit,150.01,3132.5,Event Participation,Completed,2026-04-14 15:25:05,REF000773
TXN000774,D0483,Debit,-102.37,2302.91,Event Registration,Completed,2026-02-11 15:25:05,REF000774
TXN000775,D0228,Debit,-336.4,1630.05,Event Registration,Completed,2026-02-24 15:25:05,REF000775
TXN000776,D0069,Credit,186.78,954.83,Bridge Participation,Completed,2026-04-18 15:25:05,REF000776
TXN000777,D0486,Debit,-253.31,3819.88,Event Registration,Completed,2026-02-22 15:25:05,REF000777
TXN000778,D0192,Debit,-323.23,2351.16,Withdrawal,Completed,2026-01-19 15:25:05,REF000778
TXN000779,D0334,Debit,-92.9,4778.66,Event Registration,Completed,2025-12-29 15:25:05,REF000779
TXN000780,D0212,Credit,186.87,2758.47,Bridge Participation,Completed,2026-04-27 15:25:05,REF000780
TXN000781,D0338,Debit,-305.7,4716.0,Certificate Fee,Completed,2026-05-31 15:25:05,REF000781
TXN000782,D0356,Credit,326.96,861.7,Event Participation,Completed,2025-12-14 15:25:05,REF000782
TXN000783,D0289,Credit,330.03,4004.18,Event Participation,Completed,2026-04-29 15:25:05,REF000783
TXN000784,D0211,Debit,-389.44,3692.33,Event Registration,Completed,2026-02-02 15:25:05,REF000784
TXN000785,D0162,Credit,414.78,428.75,Donation Completed,Completed,2026-06-04 15:25:05,REF000785
TXN000786,D0472,Credit,441.04,1566.47,Referral Bonus,Completed,2026-03-07 15:25:05,REF000786
TXN000787,D0104,Credit,223.02,330.12,Bridge Participation,Completed,2025-12-29 15:25:05,REF000787
TXN000788,D0466,Debit,-92.97,2233.09,Certificate Fee,Completed,2026-03-12 15:25:05,REF000788
TXN000789,D0361,Credit,221.3,4011.68,Referral Bonus,Completed,2026-04-27 15:25:05,REF000789
TXN000790,D0462,Credit,266.07,2661.53,Bridge Participation,Completed,2025-12-30 15:25:05,REF000790
TXN000791,D0210,Credit,379.95,1406.17,Event Participation,Completed,2026-04-04 15:25:05,REF000791
TXN000792,D0500,Credit,463.67,485.34,Bridge Participation,Completed,2026-05-27 15:25:05,REF000792
TXN000793,D0070,Debit,-329.28,852.29,Event Registration,Completed,2026-06-01 15:25:05,REF000793
TXN000794,D0301,Debit,-236.8,909.17,Event Registration,Completed,2026-06-01 15:25:05,REF000794
TXN000795,D0497,Debit,-244.95,4428.02,Certificate Fee,Completed,2026-05-16 15:25:05,REF000795
TXN000796,D0454,Debit,-420.24,3120.16,Withdrawal,Completed,2025-12-15 15:25:05,REF000796
TXN000797,D0202,Credit,497.16,3954.84,Donation Completed,Completed,2025-12-17 15:25:05,REF000797
TXN000798,D0101,Debit,-179.87,4743.81,Event Registration,Completed,2026-05-16 15:25:05,REF000798
TXN000799,D0182,Debit,-220.16,2951.61,Withdrawal,Completed,2026-04-24 15:25:05,REF000799
TXN000800,D0187,Debit,-268.96,4910.18,Withdrawal,Completed,2026-05-31 15:25:05,REF000800
TXN000801,D0251,Debit,-476.6,1194.02,Withdrawal,Completed,2026-03-20 15:25:05,REF000801
TXN000802,D0135,Debit,-348.12,1364.18,Event Registration,Completed,2025-12-20 15:25:05,REF000802
TXN000803,D0235,Credit,320.51,653.25,Referral Bonus,Completed,2025-12-29 15:25:05,REF000803
TXN000804,D0006,Credit,252.27,4522.67,Referral Bonus,Completed,2026-03-01 15:25:05,REF000804
TXN000805,D0199,Credit,378.74,1678.17,Referral Bonus,Completed,2026-01-26 15:25:05,REF000805
TXN000806,D0438,Debit,-181.72,661.7,Event Registration,Completed,2026-03-10 15:25:05,REF000806
TXN000807,D0369,Debit,-413.19,1408.21,Certificate Fee,Completed,2026-05-16 15:25:05,REF000807
TXN000808,D0468,Debit,-461.84,3331.11,Certificate Fee,Completed,2026-03-17 15:25:05,REF000808
TXN000809,D0442,Credit,424.3,4031.13,Donation Completed,Completed,2026-05-10 15:25:05,REF000809
TXN000810,D0125,Credit,249.36,770.03,Bridge Participation,Completed,2026-04-07 15:25:05,REF000810
TXN000811,D0399,Credit,103.86,67.24,Donation Completed,Completed,2026-03-11 15:25:05,REF000811
TXN000812,D0446,Credit,333.1,4828.22,Bridge Participation,Completed,2026-02-09 15:25:05,REF000812
TXN000813,D0324,Debit,-452.38,609.89,Certificate Fee,Completed,2025-12-08 15:25:05,REF000813
TXN000814,D0072,Credit,174.23,3591.27,Donation Completed,Completed,2026-05-14 15:25:05,REF000814
TXN000815,D0002,Debit,-395.12,249.99,Certificate Fee,Completed,2026-05-17 15:25:05,REF000815
TXN000816,D0199,Debit,-261.8,2380.22,Certificate Fee,Completed,2026-04-17 15:25:05,REF000816
TXN000817,D0363,Debit,-182.18,2346.05,Certificate Fee,Completed,2025-12-15 15:25:05,REF000817
TXN000818,D0304,Credit,173.97,31.57,Event Participation,Completed,2026-04-22 15:25:05,REF000818
TXN000819,D0499,Credit,157.56,2709.99,Referral Bonus,Completed,2026-04-19 15:25:05,REF000819
TXN000820,D0359,Credit,175.28,4243.08,Donation Completed,Completed,2026-04-09 15:25:05,REF000820
TXN000821,D0084,Debit,-123.78,1483.6,Certificate Fee,Completed,2026-02-21 15:25:05,REF000821
TXN000822,D0260,Debit,-308.06,4122.34,Withdrawal,Completed,2026-04-06 15:25:05,REF000822
TXN000823,D0272,Credit,212.58,806.32,Referral Bonus,Completed,2026-05-22 15:25:05,REF000823
TXN000824,D0033,Debit,-93.79,302.02,Event Registration,Completed,2026-02-16 15:25:05,REF000824
TXN000825,D0041,Debit,-60.27,3372.51,Withdrawal,Completed,2026-03-17 15:25:05,REF000825
TXN000826,D0302,Debit,-193.51,3390.98,Certificate Fee,Completed,2026-05-21 15:25:05,REF000826
TXN000827,D0292,Debit,-122.12,2253.93,Certificate Fee,Completed,2026-02-04 15:25:05,REF000827
TXN000828,D0190,Debit,-156.46,1567.37,Event Registration,Completed,2026-04-19 15:25:05,REF000828
TXN000829,D0117,Credit,376.35,2048.66,Donation Completed,Completed,2026-02-08 15:25:05,REF000829
TXN000830,D0167,Debit,-109.09,2321.96,Event Registration,Completed,2026-04-28 15:25:05,REF000830
TXN000831,D0073,Debit,-72.66,4366.81,Event Registration,Completed,2026-03-17 15:25:05,REF000831
TXN000832,D0196,Credit,246.28,2171.91,Event Participation,Completed,2025-12-19 15:25:05,REF000832
TXN000833,D0464,Credit,337.17,919.55,Bridge Participation,Completed,2026-05-13 15:25:05,REF000833
TXN000834,D0009,Debit,-432.55,1686.58,Event Registration,Completed,2026-06-01 15:25:05,REF000834
TXN000835,D0255,Debit,-363.42,4775.98,Withdrawal,Completed,2026-01-17 15:25:05,REF000835
TXN000836,D0143,Credit,294.61,3618.65,Bridge Participation,Completed,2026-02-16 15:25:05,REF000836
TXN000837,D0223,Credit,487.64,298.8,Event Participation,Completed,2026-05-10 15:25:05,REF000837
TXN000838,D0035,Debit,-285.48,1446.61,Certificate Fee,Completed,2026-04-07 15:25:05,REF000838
TXN000839,D0266,Debit,-312.64,64.84,Withdrawal,Completed,2026-03-20 15:25:05,REF000839
TXN000840,D0324,Credit,352.18,3420.29,Referral Bonus,Completed,2026-02-17 15:25:05,REF000840
TXN000841,D0314,Credit,311.85,1705.49,Bridge Participation,Completed,2026-03-03 15:25:05,REF000841
TXN000842,D0414,Credit,326.13,2367.62,Referral Bonus,Completed,2026-06-02 15:25:05,REF000842
TXN000843,D0229,Debit,-389.25,4722.88,Event Registration,Completed,2025-12-12 15:25:05,REF000843
TXN000844,D0120,Debit,-87.92,4862.64,Certificate Fee,Completed,2026-03-27 15:25:05,REF000844
TXN000845,D0285,Debit,-142.78,3491.65,Certificate Fee,Completed,2026-05-05 15:25:05,REF000845
TXN000846,D0495,Debit,-242.48,4556.9,Certificate Fee,Completed,2026-01-06 15:25:05,REF000846
TXN000847,D0313,Credit,295.44,2348.76,Bridge Participation,Completed,2026-06-02 15:25:05,REF000847
TXN000848,D0161,Credit,400.08,3118.03,Event Participation,Completed,2026-05-17 15:25:05,REF000848
TXN000849,D0271,Debit,-228.83,4454.55,Event Registration,Completed,2026-03-30 15:25:05,REF000849
TXN000850,D0035,Debit,-150.16,3956.41,Event Registration,Completed,2026-03-28 15:25:05,REF000850
TXN000851,D0365,Credit,439.11,295.11,Referral Bonus,Completed,2026-04-04 15:25:05,REF000851
TXN000852,D0115,Credit,242.47,3103.26,Referral Bonus,Completed,2026-01-14 15:25:05,REF000852
TXN000853,D0075,Debit,-281.89,1570.84,Event Registration,Completed,2026-01-20 15:25:05,REF000853
TXN000854,D0103,Credit,218.25,302.81,Donation Completed,Completed,2026-04-18 15:25:05,REF000854
TXN000855,D0269,Debit,-144.18,2114.96,Withdrawal,Completed,2026-06-04 15:25:05,REF000855
TXN000856,D0153,Debit,-435.17,126.42,Withdrawal,Completed,2025-12-22 15:25:05,REF000856
TXN000857,D0330,Debit,-334.12,3878.98,Withdrawal,Completed,2026-04-30 15:25:05,REF000857
TXN000858,D0229,Debit,-429.36,2220.7,Certificate Fee,Completed,2026-03-18 15:25:05,REF000858
TXN000859,D0056,Debit,-375.82,3531.48,Event Registration,Completed,2026-02-10 15:25:05,REF000859
TXN000860,D0146,Credit,229.12,84.78,Bridge Participation,Completed,2026-05-24 15:25:05,REF000860
TXN000861,D0445,Debit,-285.3,708.76,Certificate Fee,Completed,2026-03-02 15:25:05,REF000861
TXN000862,D0282,Credit,358.53,1977.69,Event Participation,Completed,2026-03-15 15:25:05,REF000862
TXN000863,D0314,Credit,229.61,3782.46,Referral Bonus,Completed,2026-05-27 15:25:05,REF000863
TXN000864,D0453,Credit,298.67,4634.74,Bridge Participation,Completed,2026-05-02 15:25:05,REF000864
TXN000865,D0078,Credit,476.05,1175.07,Bridge Participation,Completed,2026-03-06 15:25:05,REF000865
TXN000866,D0498,Debit,-463.48,1717.87,Event Registration,Completed,2026-05-20 15:25:05,REF000866
TXN000867,D0253,Debit,-472.03,2081.76,Certificate Fee,Completed,2026-02-25 15:25:05,REF000867
TXN000868,D0356,Credit,425.75,2242.49,Donation Completed,Completed,2026-05-08 15:25:05,REF000868
TXN000869,D0391,Debit,-392.33,3223.79,Withdrawal,Completed,2026-01-15 15:25:05,REF000869
TXN000870,D0013,Credit,291.48,210.88,Bridge Participation,Completed,2026-04-08 15:25:05,REF000870
TXN000871,D0487,Credit,300.23,1614.75,Bridge Participation,Completed,2025-12-26 15:25:05,REF000871
TXN000872,D0344,Debit,-270.39,1448.2,Withdrawal,Completed,2026-05-31 15:25:05,REF000872
TXN000873,D0343,Debit,-469.42,1000.62,Certificate Fee,Completed,2026-05-28 15:25:05,REF000873
TXN000874,D0107,Credit,102.86,3509.12,Event Participation,Completed,2026-01-09 15:25:05,REF000874
TXN000875,D0452,Debit,-95.64,820.9,Certificate Fee,Completed,2026-04-13 15:25:05,REF000875
TXN000876,D0078,Credit,206.26,1871.5,Referral Bonus,Completed,2026-02-27 15:25:05,REF000876
TXN000877,D0082,Credit,233.79,1635.29,Referral Bonus,Completed,2026-04-01 15:25:05,REF000877
TXN000878,D0202,Credit,280.66,2227.72,Referral Bonus,Completed,2025-12-22 15:25:05,REF000878
TXN000879,D0344,Debit,-416.83,208.3,Withdrawal,Completed,2026-05-10 15:25:05,REF000879
TXN000880,D0381,Credit,403.9,3678.51,Bridge Participation,Completed,2026-03-22 15:25:05,REF000880
TXN000881,D0427,Credit,244.38,271.84,Referral Bonus,Completed,2025-12-28 15:25:05,REF000881
TXN000882,D0118,Debit,-270.01,1549.51,Withdrawal,Completed,2026-04-12 15:25:05,REF000882
TXN000883,D0425,Credit,182.54,4733.98,Referral Bonus,Completed,2026-02-27 15:25:05,REF000883
TXN000884,D0369,Debit,-57.1,3009.06,Event Registration,Completed,2026-04-25 15:25:05,REF000884
TXN000885,D0472,Debit,-247.63,1426.71,Event Registration,Completed,2025-12-18 15:25:05,REF000885
TXN000886,D0439,Credit,346.55,4422.06,Donation Completed,Completed,2026-05-30 15:25:05,REF000886
TXN000887,D0318,Credit,478.71,4650.8,Donation Completed,Completed,2026-03-21 15:25:05,REF000887
TXN000888,D0228,Debit,-244.35,797.44,Certificate Fee,Completed,2026-05-24 15:25:05,REF000888
TXN000889,D0189,Credit,488.38,3709.23,Bridge Participation,Completed,2026-03-03 15:25:05,REF000889
TXN000890,D0039,Debit,-205.87,1487.35,Event Registration,Completed,2026-05-29 15:25:05,REF000890
TXN000891,D0461,Credit,156.74,2284.64,Referral Bonus,Completed,2026-04-15 15:25:05,REF000891
TXN000892,D0062,Credit,169.83,562.93,Event Participation,Completed,2026-04-07 15:25:05,REF000892
TXN000893,D0234,Debit,-489.85,2816.15,Event Registration,Completed,2026-05-21 15:25:05,REF000893
TXN000894,D0375,Credit,126.06,3390.1,Bridge Participation,Completed,2026-05-30 15:25:05,REF000894
TXN000895,D0020,Debit,-126.3,2062.12,Event Registration,Completed,2026-06-03 15:25:05,REF000895
TXN000896,D0296,Credit,483.77,4381.88,Donation Completed,Completed,2026-03-26 15:25:05,REF000896
TXN000897,D0369,Debit,-139.13,122.06,Withdrawal,Completed,2026-03-29 15:25:05,REF000897
TXN000898,D0494,Credit,375.87,4051.77,Bridge Participation,Completed,2025-12-22 15:25:05,REF000898
TXN000899,D0023,Debit,-71.53,2442.64,Certificate Fee,Completed,2026-04-08 15:25:05,REF000899
TXN000900,D0367,Credit,245.61,2990.25,Referral Bonus,Completed,2026-02-10 15:25:05,REF000900
TXN000901,D0421,Debit,-426.25,3293.01,Certificate Fee,Completed,2026-03-03 15:25:05,REF000901
TXN000902,D0372,Credit,394.08,1733.94,Referral Bonus,Completed,2026-04-23 15:25:05,REF000902
TXN000903,D0298,Debit,-289.63,1737.19,Event Registration,Completed,2026-03-24 15:25:05,REF000903
TXN000904,D0076,Debit,-255.98,1801.64,Certificate Fee,Completed,2026-02-16 15:25:05,REF000904
TXN000905,D0045,Debit,-350.24,1793.34,Withdrawal,Completed,2026-02-07 15:25:05,REF000905
TXN000906,D0231,Credit,237.38,4591.49,Donation Completed,Completed,2025-12-28 15:25:05,REF000906
TXN000907,D0075,Debit,-215.29,3723.97,Certificate Fee,Completed,2026-01-11 15:25:05,REF000907
TXN000908,D0072,Credit,132.7,2094.88,Event Participation,Completed,2026-05-09 15:25:05,REF000908
TXN000909,D0257,Credit,330.19,1273.59,Donation Completed,Completed,2026-01-17 15:25:05,REF000909
TXN000910,D0341,Credit,373.6,3938.62,Bridge Participation,Completed,2026-02-01 15:25:05,REF000910
TXN000911,D0060,Debit,-123.59,1866.61,Certificate Fee,Completed,2026-02-25 15:25:05,REF000911
TXN000912,D0268,Debit,-240.34,3749.13,Withdrawal,Completed,2025-12-12 15:25:05,REF000912
TXN000913,D0385,Credit,356.19,2268.27,Bridge Participation,Completed,2025-12-11 15:25:05,REF000913
TXN000914,D0459,Credit,457.27,4846.4,Donation Completed,Completed,2026-05-10 15:25:05,REF000914
TXN000915,D0254,Credit,377.97,1532.78,Donation Completed,Completed,2026-02-23 15:25:05,REF000915
TXN000916,D0156,Credit,480.62,955.03,Donation Completed,Completed,2026-06-02 15:25:05,REF000916
TXN000917,D0016,Debit,-406.81,4138.28,Withdrawal,Completed,2025-12-14 15:25:05,REF000917
TXN000918,D0037,Credit,281.04,594.76,Referral Bonus,Completed,2026-03-07 15:25:05,REF000918
TXN000919,D0339,Debit,-185.98,1501.08,Withdrawal,Completed,2026-02-27 15:25:05,REF000919
TXN000920,D0192,Credit,271.41,2948.45,Referral Bonus,Completed,2026-02-04 15:25:05,REF000920
TXN000921,D0326,Credit,490.81,2499.97,Event Participation,Completed,2026-03-09 15:25:05,REF000921
TXN000922,D0016,Debit,-286.88,3989.16,Certificate Fee,Completed,2026-01-20 15:25:05,REF000922
TXN000923,D0395,Credit,375.44,3101.16,Event Participation,Completed,2026-03-09 15:25:05,REF000923
TXN000924,D0486,Debit,-329.01,4813.84,Withdrawal,Completed,2026-05-15 15:25:05,REF000924
TXN000925,D0244,Debit,-458.58,1226.95,Certificate Fee,Completed,2025-12-27 15:25:05,REF000925
TXN000926,D0473,Credit,251.94,1686.91,Event Participation,Completed,2026-01-03 15:25:05,REF000926
TXN000927,D0241,Credit,223.93,3885.82,Referral Bonus,Completed,2026-02-11 15:25:05,REF000927
TXN000928,D0111,Debit,-495.37,641.92,Withdrawal,Completed,2025-12-16 15:25:05,REF000928
TXN000929,D0400,Credit,127.64,906.17,Event Participation,Completed,2026-03-28 15:25:05,REF000929
TXN000930,D0357,Debit,-205.83,243.57,Certificate Fee,Completed,2026-01-08 15:25:05,REF000930
TXN000931,D0061,Debit,-93.98,1466.95,Withdrawal,Completed,2026-04-26 15:25:05,REF000931
TXN000932,D0021,Debit,-350.86,548.37,Certificate Fee,Completed,2026-04-28 15:25:05,REF000932
TXN000933,D0496,Credit,292.86,1245.21,Bridge Participation,Completed,2026-02-27 15:25:05,REF000933
TXN000934,D0398,Credit,117.55,913.39,Event Participation,Completed,2026-03-11 15:25:05,REF000934
TXN000935,D0444,Debit,-178.78,4042.09,Withdrawal,Completed,2026-05-08 15:25:05,REF000935
TXN000936,D0052,Credit,152.8,4893.98,Bridge Participation,Completed,2026-01-03 15:25:05,REF000936
TXN000937,D0289,Credit,298.46,3971.69,Event Participation,Completed,2026-02-16 15:25:05,REF000937
TXN000938,D0011,Debit,-255.43,2093.12,Certificate Fee,Completed,2026-05-29 15:25:05,REF000938
TXN000939,D0143,Debit,-184.08,334.69,Certificate Fee,Completed,2026-05-15 15:25:05,REF000939
TXN000940,D0135,Debit,-319.4,4596.37,Event Registration,Completed,2026-05-02 15:25:05,REF000940
TXN000941,D0062,Credit,134.55,933.95,Bridge Participation,Completed,2026-04-17 15:25:05,REF000941
TXN000942,D0229,Debit,-381.65,334.09,Certificate Fee,Completed,2025-12-20 15:25:05,REF000942
TXN000943,D0095,Debit,-248.15,1161.24,Withdrawal,Completed,2026-04-30 15:25:05,REF000943
TXN000944,D0154,Credit,104.48,299.97,Event Participation,Completed,2026-06-03 15:25:05,REF000944
TXN000945,D0058,Debit,-261.27,1516.72,Certificate Fee,Completed,2026-05-02 15:25:05,REF000945
TXN000946,D0164,Credit,420.49,943.34,Event Participation,Completed,2026-02-05 15:25:05,REF000946
TXN000947,D0245,Debit,-455.43,1939.29,Withdrawal,Completed,2025-12-26 15:25:05,REF000947
TXN000948,D0322,Credit,366.83,4289.23,Bridge Participation,Completed,2026-04-30 15:25:05,REF000948
TXN000949,D0441,Credit,305.35,4936.81,Event Participation,Completed,2026-01-13 15:25:05,REF000949
TXN000950,D0085,Credit,435.91,1808.61,Event Participation,Completed,2026-04-10 15:25:05,REF000950
TXN000951,D0424,Debit,-473.15,2159.36,Event Registration,Completed,2026-03-16 15:25:05,REF000951
TXN000952,D0400,Debit,-413.33,3632.48,Withdrawal,Completed,2026-03-03 15:25:05,REF000952
TXN000953,D0201,Debit,-123.63,1123.61,Certificate Fee,Completed,2026-05-05 15:25:05,REF000953
TXN000954,D0246,Debit,-107.66,3176.72,Certificate Fee,Completed,2026-04-06 15:25:05,REF000954
TXN000955,D0307,Debit,-152.11,2163.71,Event Registration,Completed,2026-05-30 15:25:05,REF000955
TXN000956,D0214,Credit,381.79,3885.24,Donation Completed,Completed,2025-12-24 15:25:05,REF000956
TXN000957,D0021,Debit,-323.03,2322.54,Event Registration,Completed,2026-03-11 15:25:05,REF000957
TXN000958,D0156,Debit,-115.08,2349.56,Event Registration,Completed,2026-02-02 15:25:05,REF000958
TXN000959,D0198,Credit,234.83,3457.12,Event Participation,Completed,2026-03-11 15:25:05,REF000959
TXN000960,D0273,Credit,351.65,4670.8,Referral Bonus,Completed,2026-03-25 15:25:05,REF000960
TXN000961,D0305,Credit,470.73,1620.82,Referral Bonus,Completed,2026-04-06 15:25:05,REF000961
TXN000962,D0290,Credit,488.94,959.23,Referral Bonus,Completed,2026-03-13 15:25:05,REF000962
TXN000963,D0266,Debit,-381.24,2119.24,Event Registration,Completed,2025-12-20 15:25:05,REF000963
TXN000964,D0097,Credit,175.99,3429.9,Referral Bonus,Completed,2026-01-19 15:25:05,REF000964
TXN000965,D0284,Debit,-140.89,2908.75,Withdrawal,Completed,2026-04-23 15:25:05,REF000965
TXN000966,D0061,Debit,-388.84,2990.66,Certificate Fee,Completed,2025-12-26 15:25:05,REF000966
TXN000967,D0426,Debit,-100.73,4047.89,Withdrawal,Completed,2026-03-03 15:25:05,REF000967
TXN000968,D0126,Debit,-177.33,4662.42,Event Registration,Completed,2026-02-09 15:25:05,REF000968
TXN000969,D0276,Debit,-385.37,360.25,Withdrawal,Completed,2026-05-06 15:25:05,REF000969
TXN000970,D0495,Debit,-57.26,16.34,Certificate Fee,Completed,2026-04-19 15:25:05,REF000970
TXN000971,D0416,Debit,-295.36,4954.27,Event Registration,Completed,2026-01-08 15:25:05,REF000971
TXN000972,D0421,Debit,-244.65,995.95,Certificate Fee,Completed,2026-05-24 15:25:05,REF000972
TXN000973,D0219,Debit,-451.36,2185.86,Certificate Fee,Completed,2026-03-18 15:25:05,REF000973
TXN000974,D0062,Credit,149.17,3800.62,Bridge Participation,Completed,2026-05-24 15:25:05,REF000974
TXN000975,D0022,Credit,142.98,2676.11,Referral Bonus,Completed,2026-05-05 15:25:05,REF000975
TXN000976,D0402,Credit,181.96,4456.56,Event Participation,Completed,2026-01-12 15:25:05,REF000976
TXN000977,D0031,Credit,235.04,3121.8,Donation Completed,Completed,2026-03-28 15:25:05,REF000977
TXN000978,D0146,Debit,-396.28,3091.56,Withdrawal,Completed,2026-01-11 15:25:05,REF000978
TXN000979,D0385,Debit,-340.9,1181.81,Certificate Fee,Completed,2026-06-01 15:25:05,REF000979
TXN000980,D0284,Debit,-422.67,4832.0,Withdrawal,Completed,2026-02-28 15:25:05,REF000980
TXN000981,D0105,Credit,136.47,3702.28,Bridge Participation,Completed,2026-03-29 15:25:05,REF000981
TXN000982,D0415,Debit,-456.94,4226.91,Withdrawal,Completed,2026-04-11 15:25:05,REF000982
TXN000983,D0124,Debit,-425.46,867.72,Certificate Fee,Completed,2026-04-11 15:25:05,REF000983
TXN000984,D0144,Credit,195.51,1542.47,Donation Completed,Completed,2026-01-09 15:25:05,REF000984
TXN000985,D0441,Debit,-403.98,501.83,Event Registration,Completed,2026-05-17 15:25:05,REF000985
TXN000986,D0210,Debit,-432.33,4440.59,Event Registration,Completed,2025-12-31 15:25:05,REF000986
TXN000987,D0385,Debit,-256.43,1358.62,Withdrawal,Completed,2025-12-16 15:25:05,REF000987
TXN000988,D0252,Debit,-345.97,103.58,Certificate Fee,Completed,2026-01-28 15:25:05,REF000988
TXN000989,D0316,Debit,-227.05,1864.81,Event Registration,Completed,2025-12-08 15:25:05,REF000989
TXN000990,D0040,Debit,-145.37,1035.65,Withdrawal,Completed,2026-03-18 15:25:05,REF000990
TXN000991,D0181,Debit,-388.06,1453.39,Event Registration,Completed,2026-04-08 15:25:05,REF000991
TXN000992,D0195,Debit,-191.08,2816.55,Withdrawal,Completed,2025-12-23 15:25:05,REF000992
TXN000993,D0358,Credit,385.23,109.4,Event Participation,Completed,2026-01-11 15:25:05,REF000993
TXN000994,D0177,Debit,-490.78,2181.46,Event Registration,Completed,2026-02-12 15:25:05,REF000994
TXN000995,D0466,Debit,-303.19,1741.15,Withdrawal,Completed,2026-03-30 15:25:05,REF000995
TXN000996,D0188,Debit,-428.86,1095.68,Event Registration,Completed,2026-01-08 15:25:05,REF000996
TXN000997,D0331,Credit,491.66,1822.86,Donation Completed,Completed,2026-04-09 15:25:05,REF000997
TXN000998,D0047,Credit,346.18,2764.12,Donation Completed,Completed,2026-04-03 15:25:05,REF000998
TXN000999,D0041,Debit,-432.94,708.17,Event Registration,Completed,2026-02-15 15:25:05,REF000999
TXN001000,D0143,Credit,263.79,833.14,Bridge Participation,Completed,2026-05-20 15:25:05,REF001000
