donor_id,name,blood_group,age,gender,phone,email,city,pincode,address,status,is_emergency_donor,bridge_id,bridge_position,last_donation_date,next_eligible_date,total_donations,reliability_score,skip_count,wallet_balance,created_at
D0001,Donor 1,O Negative,61,Other,+919831882064,donor1@example.com,Mumbai,671858,45 Mumbai Street,Inactive,False,,,2026-02-01,2026-05-02,18,0.29,3,158.91,2026-03-03 15:25:05
D0002,Donor 2,A Negative,59,Other,+918340505846,donor2@example.com,Chennai,539898,113 Chennai Street,Active,True,,,2025-08-23,2025-11-21,14,0.6,0,2946.33,2026-05-31 15:25:05
D0003,Donor 3,A Positive,39,Male,+916398340369,donor3@example.com,Pune,498382,50 Pune Street,Active,True,,,2026-02-16,2026-05-17,11,0.98,0,4237.47,2024-09-26 15:25:05
D0004,Donor 4,B Positive,23,Other,+917259191105,donor4@example.com,Mumbai,969693,322 Mumbai Street,Inactive,False,,,2025-09-05,2025-12-04,19,0.37,2,2886.76,2024-06-15 15:25:05
D0005,Donor 5,O Negative,24,Female,+917193887545,donor5@example.com,Mumbai,575435,326 Mumbai Street,Active,False,,,2026-04-27,2026-07-26,11,0.93,0,813.27,2025-06-08 15:25:05
D0006,Donor 6,A Negative,28,Other,+919131575764,donor6@example.com,Kolkata,356702,84 Kolkata Street,Inactive,False,,,2025-06-22,2025-09-20,14,0.24,3,1349.74,2024-08-20 15:25:05
D0007,Donor 7,A Negative,20,Female,+917722989659,donor7@example.com,Hyderabad,380746,34 Hyderabad Street,Emergency,False,,,2026-05-09,2026-08-07,6,0.61,2,1063.13,2025-01-11 15:25:05
D0008,Donor 8,AB Positive,52,Female,+919208399878,donor8@example.com,Ahmedabad,712982,220 Ahmedabad Street,Active,True,,,2026-01-31,2026-05-01,18,0.87,0,1997.0,2025-10-25 15:25:05
D0009,Donor 9,A Positive,28,Other,+917813163240,donor9@example.com,Ahmedabad,725380,33 Ahmedabad Street,Active,True,,,2026-04-11,2026-07-10,12,0.58,0,1908.1,2025-02-12 15:25:05
D0010,Donor 10,B Positive,35,Other,+917461042543,donor10@example.com,Mumbai,216970,151 Mumbai Street,Active,True,,,2025-06-22,2025-09-20,13,0.94,0,790.79,2026-06-03 15:25:05
D0011,Donor 11,B Positive,58,Other,+918615507143,donor11@example.com,Bangalore,308573,79 Bangalore Street,Active,True,,,2025-07-21,2025-10-19,11,0.65,0,3812.55,2024-12-01 15:25:05
D0012,Donor 12,O Positive,37,Male,+916248786714,donor12@example.com,Hyderabad,352572,450 Hyderabad Street,Active,True,,,2025-12-03,2026-03-03,18,0.94,0,4734.75,2026-03-11 15:25:05
D0013,Donor 13,AB Negative,53,Male,+917138409539,donor13@example.com,Delhi,653306,447 Delhi Street,Bridge Member,False,BRIDGE_35,3.0,2026-04-02,2026-07-01,19,0.83,3,4821.81,2024-12-01 15:25:05
D0014,Donor 14,A Negative,46,Male,+917064746525,donor14@example.com,Kolkata,335612,33 Kolkata Street,Active,False,,,2025-10-25,2026-01-23,10,0.95,0,105.17,2024-11-16 15:25:05
D0015,Donor 15,A Negative,20,Female,+916304330003,donor15@example.com,Chennai,639131,122 Chennai Street,Active,True,,,2026-02-09,2026-05-10,8,0.53,0,3344.89,2025-10-30 15:25:05
D0016,Donor 16,A Positive,24,Other,+917851350739,donor16@example.com,Ahmedabad,471507,217 Ahmedabad Street,Active,False,,,2025-11-10,2026-02-08,13,0.6,0,2335.12,2026-04-12 15:25:05
D0017,Donor 17,O Negative,30,Other,+917926780541,donor17@example.com,Mumbai,246991,217 Mumbai Street,Active,False,,,2026-04-12,2026-07-11,5,0.62,0,1392.73,2025-09-24 15:25:05
D0018,Donor 18,O Negative,59,Other,+919590711152,donor18@example.com,Ahmedabad,115474,497 Ahmedabad Street,Emergency,False,,,2025-08-29,2025-11-27,2,0.55,1,831.56,2025-01-25 15:25:05
D0019,Donor 19,AB Negative,18,Female,+917139038460,donor19@example.com,Chennai,922157,402 Chennai Street,Emergency,False,,,2026-05-07,2026-08-05,14,0.58,2,2115.04,2024-11-14 15:25:05
D0020,Donor 20,AB Negative,52,Male,+919212530587,donor20@example.com,Bangalore,428838,30 Bangalore Street,Active,True,,,2026-05-08,2026-08-06,1,0.79,0,2920.89,2025-01-08 15:25:05
D0021,Donor 21,A Positive,61,Male,+917734202799,donor21@example.com,Mumbai,225710,483 Mumbai Street,Bridge Member,False,BRIDGE_6,3.0,2026-05-02,2026-07-31,18,0.8,1,2894.6,2026-04-27 15:25:05
D0022,Donor 22,O Negative,63,Female,+917025148381,donor22@example.com,Pune,378517,203 Pune Street,Active,False,,,2026-01-24,2026-04-24,4,0.6,0,3358.45,2025-08-03 15:25:05
D0023,Donor 23,AB Negative,54,Male,+916314652384,donor23@example.com,Hyderabad,663750,110 Hyderabad Street,Bridge Member,False,BRIDGE_5,1.0,2025-10-15,2026-01-13,16,0.81,2,662.28,2025-06-14 15:25:05
D0024,Donor 24,O Negative,63,Female,+918627135980,donor24@example.com,Chennai,946305,335 Chennai Street,Active,True,,,2025-10-25,2026-01-23,16,0.92,0,39.12,2024-11-16 15:25:05
D0025,Donor 25,B Positive,65,Other,+916667643690,donor25@example.com,Delhi,385577,145 Delhi Street,Bridge Member,False,BRIDGE_9,5.0,2026-04-08,2026-07-07,19,0.94,1,3588.06,2025-11-10 15:25:05
D0026,Donor 26,B Positive,35,Male,+916015228622,donor26@example.com,Ahmedabad,449759,395 Ahmedabad Street,Active,True,,,2026-04-20,2026-07-19,4,0.82,0,3185.57,2025-09-11 15:25:05
D0027,Donor 27,A Positive,22,Other,+919882343658,donor27@example.com,Ahmedabad,256294,280 Ahmedabad Street,Active,False,,,2025-08-23,2025-11-21,1,0.5,0,4172.98,2024-10-18 15:25:05
D0028,Donor 28,A Positive,20,Female,+916902271852,donor28@example.com,Pune,815198,128 Pune Street,Active,False,,,2025-12-02,2026-03-02,3,0.95,0,1768.39,2024-11-10 15:25:05
D0029,Donor 29,AB Positive,19,Male,+919163520297,donor29@example.com,Bangalore,448321,401 Bangalore Street,Bridge Member,False,BRIDGE_16,3.0,2026-03-08,2026-06-06,13,0.94,1,1334.03,2024-06-18 15:25:05
D0030,Donor 30,O Negative,47,Female,+917310784794,donor30@example.com,Pune,960394,408 Pune Street,Emergency,False,,,2025-10-09,2026-01-07,7,0.61,1,118.32,2025-11-21 15:25:05
D0031,Donor 31,AB Positive,50,Female,+918918508077,donor31@example.com,Hyderabad,984642,275 Hyderabad Street,Active,True,,,2026-01-15,2026-04-15,10,0.68,0,4696.19,2026-02-08 15:25:05
D0032,Donor 32,B Positive,45,Female,+919129077209,donor32@example.com,Bangalore,924629,161 Bangalore Street,Active,False,,,2026-05-18,2026-08-16,13,0.55,0,3031.04,2024-12-30 15:25:05
D0033,Donor 33,O Negative,63,Female,+916007263971,donor33@example.com,Pune,645175,474 Pune Street,Emergency,False,,,2026-03-01,2026-05-30,17,0.63,1,1821.11,2026-03-27 15:25:05
D0034,Donor 34,B Negative,60,Female,+917400944900,donor34@example.com,Hyderabad,521947,357 Hyderabad Street,Active,True,,,2026-01-04,2026-04-04,9,0.75,0,2772.06,2025-11-22 15:25:05
D0035,Donor 35,AB Positive,43,Other,+919580822352,donor35@example.com,Pune,100425,156 Pune Street,Active,True,,,2025-07-26,2025-10-24,9,0.78,0,1050.91,2024-10-21 15:25:05
D0036,Donor 36,B Negative,65,Male,+918829742424,donor36@example.com,Ahmedabad,188914,146 Ahmedabad Street,Active,True,,,2025-09-18,2025-12-17,16,0.74,0,3319.27,2024-09-10 15:25:05
D0037,Donor 37,B Negative,32,Male,+916632880459,donor37@example.com,Delhi,125611,24 Delhi Street,Emergency,False,,,2026-02-06,2026-05-07,7,0.84,3,3056.37,2026-03-24 15:25:05
D0038,Donor 38,AB Negative,62,Female,+918123333781,donor38@example.com,Pune,519066,125 Pune Street,Emergency,False,,,2025-08-16,2025-11-14,4,0.6,0,4463.3,2026-02-17 15:25:05
D0039,Donor 39,AB Positive,25,Female,+916572687073,donor39@example.com,Chennai,940346,238 Chennai Street,Active,False,,,2026-05-12,2026-08-10,16,0.78,0,4939.46,2024-10-05 15:25:05
D0040,Donor 40,B Negative,28,Other,+919700092464,donor40@example.com,Ahmedabad,597732,231 Ahmedabad Street,Active,False,,,2025-08-30,2025-11-28,8,0.72,0,3758.88,2024-08-23 15:25:05
D0041,Donor 41,B Positive,36,Male,+917167007513,donor41@example.com,Ahmedabad,452161,164 Ahmedabad Street,Active,False,,,2025-10-24,2026-01-22,17,0.54,0,402.89,2026-01-03 15:25:05
D0042,Donor 42,A Negative,39,Other,+918001129658,donor42@example.com,Pune,535970,32 Pune Street,Active,True,,,2026-05-05,2026-08-03,6,0.71,0,4164.46,2025-05-04 15:25:05
D0043,Donor 43,O Positive,44,Other,+919210555359,donor43@example.com,Pune,870319,280 Pune Street,Active,False,,,2026-01-05,2026-04-05,19,0.88,0,4489.06,2025-01-23 15:25:05
D0044,Donor 44,A Negative,61,Female,+919110335359,donor44@example.com,Kolkata,273061,431 Kolkata Street,Active,True,,,2025-11-19,2026-02-17,14,0.67,0,4597.71,2024-09-07 15:25:05
D0045,Donor 45,O Positive,26,Female,+916780520225,donor45@example.com,Pune,152727,134 Pune Street,Active,True,,,2026-04-25,2026-07-24,12,0.82,0,1636.76,2025-02-26 15:25:05
D0046,Donor 46,B Negative,44,Female,+919585915088,donor46@example.com,Hyderabad,185884,241 Hyderabad Street,Inactive,False,,,2025-11-24,2026-02-22,0,0.38,0,4999.54,2025-06-13 15:25:05
D0047,Donor 47,A Negative,33,Male,+919604460472,donor47@example.com,Delhi,121369,319 Delhi Street,Inactive,False,,,2025-07-08,2025-10-06,4,0.01,1,631.1,2024-07-21 15:25:05
D0048,Donor 48,O Negative,56,Other,+919085320828,donor48@example.com,Chennai,220096,399 Chennai Street,Active,False,,,2025-11-30,2026-02-28,5,0.58,0,4823.6,2026-02-16 15:25:05
D0049,Donor 49,O Positive,30,Male,+918543040948,donor49@example.com,Kolkata,824161,426 Kolkata Street,Active,False,,,2025-11-15,2026-02-13,20,0.97,0,1214.25,2024-06-23 15:25:05
D0050,Donor 50,B Positive,45,Other,+917591589823,donor50@example.com,Delhi,172306,260 Delhi Street,Inactive,False,,,2025-08-21,2025-11-19,20,0.14,2,63.26,2025-04-02 15:25:05
D0051,Donor 51,AB Negative,47,Other,+916657091982,donor51@example.com,Delhi,556641,91 Delhi Street,Active,False,,,2025-07-16,2025-10-14,16,0.95,0,4827.37,2025-09-03 15:25:05
D0052,Donor 52,AB Negative,23,Female,+919786577118,donor52@example.com,Ahmedabad,572700,125 Ahmedabad Street,Active,False,,,2025-12-23,2026-03-23,14,0.93,0,2849.25,2024-07-22 15:25:05
D0053,Donor 53,AB Positive,40,Female,+917461744198,donor53@example.com,Hyderabad,393243,451 Hyderabad Street,Active,False,,,2026-03-05,2026-06-03,19,0.74,0,3505.92,2025-08-28 15:25:05
D0054,Donor 54,O Positive,33,Other,+918044804330,donor54@example.com,Chennai,777278,365 Chennai Street,Active,False,,,2025-09-29,2025-12-28,15,0.78,0,2240.87,2026-05-20 15:25:05
D0055,Donor 55,O Negative,41,Female,+918377148230,donor55@example.com,Kolkata,656711,177 Kolkata Street,Active,True,,,2026-01-01,2026-04-01,13,0.83,0,4983.16,2024-11-20 15:25:05
D0056,Donor 56,B Negative,64,Male,+917355268102,donor56@example.com,Hyderabad,225362,381 Hyderabad Street,Inactive,False,,,2026-01-19,2026-04-19,17,0.09,1,957.7,2025-01-27 15:25:05
D0057,Donor 57,B Positive,37,Male,+919040916238,donor57@example.com,Kolkata,660081,65 Kolkata Street,Bridge Member,False,BRIDGE_13,5.0,2026-02-10,2026-05-11,8,0.68,0,4871.47,2024-11-17 15:25:05
D0058,Donor 58,B Positive,54,Female,+918016044512,donor58@example.com,Bangalore,601968,226 Bangalore Street,Active,False,,,2026-04-15,2026-07-14,10,0.94,0,921.82,2026-04-15 15:25:05
D0059,Donor 59,B Positive,54,Other,+918948284698,donor59@example.com,Ahmedabad,156213,78 Ahmedabad Street,Active,True,,,2025-11-13,2026-02-11,4,0.75,0,4055.71,2025-07-30 15:25:05
D0060,Donor 60,O Negative,57,Male,+919331578385,donor60@example.com,Chennai,647957,195 Chennai Street,Active,False,,,2025-07-31,2025-10-29,14,0.8,0,4542.52,2025-08-06 15:25:05
D0061,Donor 61,AB Positive,24,Male,+918686566602,donor61@example.com,Kolkata,321275,136 Kolkata Street,Active,True,,,2025-07-29,2025-10-27,2,0.98,0,785.29,2025-12-11 15:25:05
D0062,Donor 62,O Negative,36,Male,+916994182853,donor62@example.com,Bangalore,402099,362 Bangalore Street,Active,False,,,2025-06-19,2025-09-17,9,0.8,0,3514.94,2025-02-27 15:25:05
D0063,Donor 63,O Negative,30,Female,+916492960451,donor63@example.com,Chennai,671015,116 Chennai Street,Bridge Member,False,BRIDGE_41,10.0,2025-07-03,2025-10-01,20,0.9,1,4542.06,2026-01-12 15:25:05
D0064,Donor 64,O Negative,54,Female,+917886149718,donor64@example.com,Mumbai,230394,240 Mumbai Street,Active,False,,,2025-08-06,2025-11-04,9,0.87,0,3498.67,2025-09-01 15:25:05
D0065,Donor 65,AB Negative,56,Female,+916111088881,donor65@example.com,Ahmedabad,195763,118 Ahmedabad Street,Active,True,,,2025-10-28,2026-01-26,18,0.87,0,2935.61,2026-05-16 15:25:05
D0066,Donor 66,B Positive,35,Male,+918513971584,donor66@example.com,Mumbai,557058,326 Mumbai Street,Inactive,False,,,2026-03-09,2026-06-07,15,0.26,0,2350.05,2025-04-14 15:25:05
D0067,Donor 67,B Negative,49,Female,+918845774616,donor67@example.com,Hyderabad,519904,417 Hyderabad Street,Active,True,,,2025-12-20,2026-03-20,17,0.71,0,183.49,2026-03-08 15:25:05
D0068,Donor 68,B Negative,18,Other,+919733904907,donor68@example.com,Kolkata,668950,237 Kolkata Street,Active,False,,,2025-09-16,2025-12-15,13,0.91,0,271.02,2024-12-23 15:25:05
D0069,Donor 69,B Negative,26,Female,+917881694278,donor69@example.com,Ahmedabad,832168,249 Ahmedabad Street,Active,True,,,2026-02-22,2026-05-23,3,0.63,0,144.35,2024-08-30 15:25:05
D0070,Donor 70,A Negative,32,Male,+917981903597,donor70@example.com,Bangalore,223172,332 Bangalore Street,Active,True,,,2025-08-28,2025-11-26,4,0.7,0,2491.88,2025-08-12 15:25:05
D0071,Donor 71,B Positive,53,Male,+917647489402,donor71@example.com,Pune,299869,472 Pune Street,Emergency,False,,,2025-10-08,2026-01-06,19,0.62,1,4320.13,2025-08-28 15:25:05
D0072,Donor 72,AB Positive,37,Other,+918490751945,donor72@example.com,Hyderabad,791998,251 Hyderabad Street,Bridge Member,False,BRIDGE_33,5.0,2026-06-05,2026-09-03,4,0.64,3,2692.9,2025-06-18 15:25:05
D0073,Donor 73,B Negative,33,Other,+917644847276,donor73@example.com,Pune,344907,439 Pune Street,Active,False,,,2026-03-02,2026-05-31,13,0.99,0,218.24,2025-02-07 15:25:05
D0074,Donor 74,AB Positive,26,Other,+918534805646,donor74@example.com,Pune,448121,446 Pune Street,Bridge Member,False,BRIDGE_42,3.0,2025-09-26,2025-12-25,3,0.98,3,498.56,2025-02-24 15:25:05
D0075,Donor 75,O Positive,34,Female,+918676878743,donor75@example.com,Bangalore,826353,204 Bangalore Street,Active,True,,,2026-04-29,2026-07-28,20,0.73,0,401.58,2025-07-05 15:25:05
D0076,Donor 76,AB Positive,22,Male,+918710815922,donor76@example.com,Hyderabad,817644,472 Hyderabad Street,Active,False,,,2025-09-02,2025-12-01,9,0.52,0,4987.13,2026-03-06 15:25:05
D0077,Donor 77,AB Positive,62,Female,+919880176825,donor77@example.com,Delhi,130353,24 Delhi Street,Inactive,False,,,2025-06-11,2025-09-09,10,0.18,0,1466.84,2025-05-19 15:25:05
D0078,Donor 78,AB Positive,29,Male,+916751917162,donor78@example.com,Bangalore,182804,313 Bangalore Street,Active,False,,,2025-08-21,2025-11-19,12,0.84,0,3098.55,2025-10-03 15:25:05
D0079,Donor 79,AB Negative,18,Female,+919870665004,donor79@example.com,Bangalore,401603,347 Bangalore Street,Active,False,,,2025-10-14,2026-01-12,17,0.63,0,789.88,2025-03-11 15:25:05
D0080,Donor 80,B Negative,37,Male,+917652244897,donor80@example.com,Kolkata,994787,248 Kolkata Street,Active,False,,,2025-06-18,2025-09-16,3,0.63,0,1186.03,2024-10-29 15:25:05
D0081,Donor 81,B Negative,18,Other,+919715436184,donor81@example.com,Kolkata,819112,399 Kolkata Street,Bridge Member,False,BRIDGE_19,1.0,2025-07-04,2025-10-02,1,0.7,3,4164.19,2025-08-17 15:25:05
D0082,Donor 82,A Negative,64,Other,+918924250367,donor82@example.com,Hyderabad,979060,71 Hyderabad Street,Active,True,,,2025-07-24,2025-10-22,20,0.63,0,485.82,2024-09-02 15:25:05
D0083,Donor 83,O Positive,23,Female,+917403247962,donor83@example.com,Kolkata,883790,213 Kolkata Street,Inactive,False,,,2026-05-20,2026-08-18,5,0.29,1,660.8,2024-12-01 15:25:05
D0084,Donor 84,B Negative,48,Female,+919206447974,donor84@example.com,Kolkata,455168,412 Kolkata Street,Emergency,False,,,2026-01-26,2026-04-26,3,0.96,3,4814.47,2026-01-13 15:25:05
D0085,Donor 85,A Negative,18,Female,+918304560537,donor85@example.com,Pune,229592,233 Pune Street,Bridge Member,False,BRIDGE_36,6.0,2026-04-21,2026-07-20,11,0.9,2,2922.8,2024-08-22 15:25:05
D0086,Donor 86,B Negative,53,Female,+919930994199,donor86@example.com,Delhi,739717,114 Delhi Street,Active,False,,,2026-05-25,2026-08-23,20,0.81,0,316.09,2025-02-16 15:25:05
D0087,Donor 87,B Positive,49,Male,+916417436465,donor87@example.com,Pune,346205,455 Pune Street,Active,True,,,2026-05-18,2026-08-16,17,0.65,0,678.32,2025-02-27 15:25:05
D0088,Donor 88,B Negative,49,Other,+917752844368,donor88@example.com,Pune,393328,17 Pune Street,Active,True,,,2025-11-06,2026-02-04,11,0.83,0,1086.35,2025-03-08 15:25:05
D0089,Donor 89,A Negative,59,Female,+916260060661,donor89@example.com,Hyderabad,517479,142 Hyderabad Street,Active,False,,,2025-09-01,2025-11-30,6,0.95,0,4841.03,2025-02-26 15:25:05
D0090,Donor 90,O Negative,33,Male,+919380045208,donor90@example.com,Chennai,692002,106 Chennai Street,Active,True,,,2026-05-12,2026-08-10,2,0.89,0,4149.09,2024-11-16 15:25:05
D0091,Donor 91,A Negative,27,Other,+916012178595,donor91@example.com,Chennai,390743,440 Chennai Street,Emergency,False,,,2026-02-07,2026-05-08,4,0.66,1,2701.08,2025-12-10 15:25:05
D0092,Donor 92,O Negative,19,Male,+917139744790,donor92@example.com,Mumbai,154944,65 Mumbai Street,Active,False,,,2026-02-05,2026-05-06,13,0.79,0,2630.43,2026-04-02 15:25:05
D0093,Donor 93,AB Negative,32,Other,+916186251406,donor93@example.com,Ahmedabad,862569,402 Ahmedabad Street,Inactive,False,,,2025-09-17,2025-12-16,16,0.18,2,2290.21,2026-05-06 15:25:05
D0094,Donor 94,O Positive,49,Other,+919907135299,donor94@example.com,Ahmedabad,565108,38 Ahmedabad Street,Emergency,False,,,2025-10-31,2026-01-29,2,0.84,2,3041.49,2026-03-31 15:25:05
D0095,Donor 95,A Positive,51,Female,+917948692883,donor95@example.com,Kolkata,630108,310 Kolkata Street,Active,False,,,2025-11-23,2026-02-21,13,1.0,0,495.89,2024-06-18 15:25:05
D0096,Donor 96,O Negative,47,Female,+917786661942,donor96@example.com,Chennai,865054,49 Chennai Street,Active,True,,,2025-11-07,2026-02-05,10,0.67,0,2133.82,2024-07-25 15:25:05
D0097,Donor 97,B Positive,23,Male,+917854895521,donor97@example.com,Hyderabad,201255,382 Hyderabad Street,Bridge Member,False,BRIDGE_44,8.0,2026-05-03,2026-08-01,11,0.55,1,2781.85,2024-10-14 15:25:05
D0098,Donor 98,B Negative,56,Female,+917510308881,donor98@example.com,Delhi,208633,296 Delhi Street,Active,False,,,2026-05-11,2026-08-09,16,0.98,0,1063.69,2024-08-03 15:25:05
D0099,Donor 99,AB Negative,41,Male,+919275366252,donor99@example.com,Chennai,392099,294 Chennai Street,Emergency,False,,,2025-12-09,2026-03-09,7,0.92,3,4225.78,2024-09-08 15:25:05
D0100,Donor 100,O Positive,39,Female,+916026224160,donor100@example.com,Kolkata,290217,446 Kolkata Street,Active,False,,,2025-06-12,2025-09-10,4,0.88,0,2831.61,2025-04-22 15:25:05
D0101,Donor 101,O Negative,42,Female,+917948393831,donor101@example.com,Bangalore,457455,81 Bangalore Street,Inactive,False,,,2026-05-22,2026-08-20,11,0.21,2,3607.98,2024-11-02 15:25:05
D0102,Donor 102,O Negative,46,Other,+917821129578,donor102@example.com,Mumbai,609253,311 Mumbai Street,Active,True,,,2025-06-26,2025-09-24,14,0.54,0,2070.92,2025-10-29 15:25:05
D0103,Donor 103,O Negative,49,Other,+918865312534,donor103@example.com,Hyderabad,423401,24 Hyderabad Street,Active,False,,,2025-06-24,2025-09-22,7,0.84,0,1976.32,2024-10-01 15:25:05
D0104,Donor 104,O Positive,36,Female,+916515328854,donor104@example.com,Mumbai,108105,255 Mumbai Street,Active,True,,,2026-03-28,2026-06-26,13,0.88,0,878.47,2025-05-13 15:25:05
D0105,Donor 105,A Negative,22,Female,+918472866768,donor105@example.com,Hyderabad,550137,294 Hyderabad Street,Active,True,,,2025-10-26,2026-01-24,12,0.51,0,3547.49,2025-04-05 15:25:05
D0106,Donor 106,B Positive,57,Female,+919573524070,donor106@example.com,Delhi,823108,471 Delhi Street,Active,False,,,2026-03-11,2026-06-09,11,0.9,0,440.65,2026-02-18 15:25:05
D0107,Donor 107,A Negative,65,Female,+916951644750,donor107@example.com,Pune,449247,399 Pune Street,Active,True,,,2025-11-16,2026-02-14,5,0.94,0,381.9,2024-08-27 15:25:05
D0108,Donor 108,O Negative,33,Male,+916628973138,donor108@example.com,Chennai,368402,102 Chennai Street,Bridge Member,False,BRIDGE_23,6.0,2025-07-11,2025-10-09,5,0.91,1,3801.08,2024-08-04 15:25:05
D0109,Donor 109,O Negative,55,Female,+918925445989,donor109@example.com,Bangalore,691912,330 Bangalore Street,Bridge Member,False,BRIDGE_41,8.0,2025-10-12,2026-01-10,20,0.88,2,4321.23,2024-09-02 15:25:05
D0110,Donor 110,B Negative,35,Other,+916241257421,donor110@example.com,Bangalore,469038,260 Bangalore Street,Active,False,,,2025-10-23,2026-01-21,2,0.82,0,1552.04,2025-03-01 15:25:05
D0111,Donor 111,O Positive,23,Other,+918551553388,donor111@example.com,Mumbai,631699,197 Mumbai Street,Active,False,,,2026-04-28,2026-07-27,14,0.82,0,2901.65,2026-04-25 15:25:05
D0112,Donor 112,AB Negative,21,Female,+916444537179,donor112@example.com,Chennai,950360,461 Chennai Street,Active,False,,,2025-09-23,2025-12-22,10,0.58,0,4911.93,2026-03-12 15:25:05
D0113,Donor 113,A Positive,57,Male,+917562929828,donor113@example.com,Mumbai,490963,470 Mumbai Street,Active,False,,,2025-10-25,2026-01-23,9,0.76,0,1937.08,2025-06-25 15:25:05
D0114,Donor 114,O Positive,36,Female,+919108412367,donor114@example.com,Hyderabad,992931,337 Hyderabad Street,Active,True,,,2025-08-25,2025-11-23,19,0.84,0,4366.4,2025-06-30 15:25:05
D0115,Donor 115,O Negative,23,Female,+918400552009,donor115@example.com,Bangalore,494976,330 Bangalore Street,Bridge Member,False,BRIDGE_20,7.0,2026-04-01,2026-06-30,10,0.8,1,3350.58,2024-07-05 15:25:05
D0116,Donor 116,O Negative,31,Female,+919290615870,donor116@example.com,Pune,609892,99 Pune Street,Active,True,,,2025-12-03,2026-03-03,7,0.65,0,4999.88,2025-12-30 15:25:05
D0117,Donor 117,O Negative,52,Other,+919795386003,donor117@example.com,Kolkata,652108,20 Kolkata Street,Emergency,False,,,2026-04-16,2026-07-15,10,0.75,1,2986.23,2025-12-31 15:25:05
D0118,Donor 118,A Positive,28,Other,+917879792991,donor118@example.com,Bangalore,145814,211 Bangalore Street,Emergency,False,,,2025-07-22,2025-10-20,11,0.9,1,4847.94,2024-09-19 15:25:05
D0119,Donor 119,B Positive,48,Male,+917579864877,donor119@example.com,Ahmedabad,811256,485 Ahmedabad Street,Active,True,,,2025-12-30,2026-03-30,18,0.98,0,4922.2,2025-02-19 15:25:05
D0120,Donor 120,B Positive,56,Male,+919749514711,donor120@example.com,Pune,362147,27 Pune Street,Active,False,,,2026-03-16,2026-06-14,20,0.91,0,2402.95,2025-05-22 15:25:05
D0121,Donor 121,O Negative,50,Male,+919569318475,donor121@example.com,Delhi,558723,47 Delhi Street,Active,True,,,2026-01-18,2026-04-18,7,0.72,0,4083.52,2025-06-14 15:25:05
D0122,Donor 122,O Positive,23,Female,+916964386641,donor122@example.com,Pune,129556,164 Pune Street,Active,False,,,2026-02-06,2026-05-07,3,0.69,0,4195.88,2024-08-10 15:25:05
D0123,Donor 123,B Negative,26,Other,+918014812671,donor123@example.com,Bangalore,570392,316 Bangalore Street,Active,False,,,2025-10-08,2026-01-06,0,0.85,0,4529.29,2026-05-18 15:25:05
D0124,Donor 124,B Positive,56,Other,+917817865363,donor124@example.com,Chennai,216587,398 Chennai Street,Emergency,False,,,2025-08-30,2025-11-28,9,0.97,1,1505.76,2026-04-19 15:25:05
D0125,Donor 125,A Negative,49,Other,+918302333490,donor125@example.com,Pune,117233,324 Pune Street,Active,False,,,2026-05-05,2026-08-03,16,0.56,0,2875.24,2026-01-10 15:25:05
D0126,Donor 126,B Positive,29,Other,+918869961166,donor126@example.com,Pune,189772,269 Pune Street,Active,False,,,2026-02-03,2026-05-04,11,0.79,0,338.4,2024-12-15 15:25:05
D0127,Donor 127,O Positive,41,Female,+919209700340,donor127@example.com,Pune,117031,183 Pune Street,Emergency,False,,,2026-05-15,2026-08-13,2,0.82,2,1205.63,2024-08-03 15:25:05
D0128,Donor 128,O Negative,59,Male,+919566470640,donor128@example.com,Hyderabad,916990,351 Hyderabad Street,Active,False,,,2025-08-31,2025-11-29,14,0.67,0,4904.1,2025-02-01 15:25:05
D0129,Donor 129,A Positive,20,Male,+919804440746,donor129@example.com,Bangalore,143941,162 Bangalore Street,Active,False,,,2026-05-19,2026-08-17,9,0.65,0,2576.92,2024-11-27 15:25:05
D0130,Donor 130,AB Negative,21,Other,+917425605673,donor130@example.com,Kolkata,386488,64 Kolkata Street,Active,True,,,2026-01-11,2026-04-11,11,0.68,0,2184.76,2025-04-23 15:25:05
D0131,Donor 131,AB Negative,41,Other,+917145556651,donor131@example.com,Pune,940064,43 Pune Street,Active,True,,,2025-09-25,2025-12-24,13,0.85,0,394.64,2024-09-28 15:25:05
D0132,Donor 132,A Positive,37,Female,+918588240189,donor132@example.com,Kolkata,852524,219 Kolkata Street,Active,True,,,2025-12-21,2026-03-21,5,0.83,0,3448.82,2025-06-12 15:25:05
D0133,Donor 133,AB Negative,58,Male,+916322299355,donor133@example.com,Mumbai,803787,327 Mumbai Street,Inactive,False,,,2025-12-08,2026-03-08,12,0.17,2,2565.43,2024-07-11 15:25:05
D0134,Donor 134,A Positive,33,Other,+917573368806,donor134@example.com,Mumbai,479742,197 Mumbai Street,Active,False,,,2026-05-20,2026-08-18,18,0.56,0,161.93,2025-12-31 15:25:05
D0135,Donor 135,AB Negative,41,Female,+917350275186,donor135@example.com,Hyderabad,781113,143 Hyderabad Street,Active,True,,,2025-08-17,2025-11-15,7,0.57,0,4802.6,2026-05-11 15:25:05
D0136,Donor 136,A Positive,63,Female,+916921572928,donor136@example.com,Ahmedabad,741599,147 Ahmedabad Street,Active,True,,,2026-01-23,2026-04-23,15,0.89,0,1000.89,2026-01-19 15:25:05
D0137,Donor 137,O Negative,38,Other,+917492180259,donor137@example.com,Ahmedabad,844007,34 Ahmedabad Street,Active,False,,,2026-04-23,2026-07-22,17,0.91,0,2710.86,2025-08-03 15:25:05
D0138,Donor 138,A Positive,26,Male,+919394626443,donor138@example.com,Bangalore,618019,14 Bangalore Street,Inactive,False,,,2025-09-19,2025-12-18,11,0.39,2,2337.03,2024-11-19 15:25:05
D0139,Donor 139,A Positive,44,Other,+916316756902,donor139@example.com,Delhi,231414,498 Delhi Street,Active,False,,,2025-10-04,2026-01-02,10,0.76,0,3211.69,2025-03-03 15:25:05
D0140,Donor 140,AB Negative,21,Male,+918225231724,donor140@example.com,Hyderabad,260448,156 Hyderabad Street,Active,True,,,2026-04-01,2026-06-30,5,0.72,0,809.83,2024-06-10 15:25:05
D0141,Donor 141,A Negative,58,Other,+917178758213,donor141@example.com,Hyderabad,231250,321 Hyderabad Street,Bridge Member,False,BRIDGE_34,5.0,2026-04-27,2026-07-26,9,0.63,0,2512.87,2025-12-16 15:25:05
D0142,Donor 142,A Positive,19,Male,+916195256953,donor142@example.com,Bangalore,772612,395 Bangalore Street,Active,False,,,2025-08-22,2025-11-20,18,0.52,0,1323.28,2025-11-03 15:25:05
D0143,Donor 143,AB Positive,48,Male,+919456109296,donor143@example.com,Mumbai,946567,351 Mumbai Street,Active,False,,,2025-07-13,2025-10-11,12,0.98,0,1487.17,2026-03-24 15:25:05
D0144,Donor 144,O Positive,56,Male,+917342531599,donor144@example.com,Bangalore,853258,164 Bangalore Street,Active,False,,,2025-10-12,2026-01-10,11,0.6,0,4876.87,2026-01-24 15:25:05
D0145,Donor 145,B Negative,33,Male,+916415802902,donor145@example.com,Delhi,153063,149 Delhi Street,Active,False,,,2026-04-05,2026-07-04,12,0.63,0,4320.82,2025-04-04 15:25:05
D0146,Donor 146,A Negative,30,Male,+918140034179,donor146@example.com,Bangalore,639728,240 Bangalore Street,Emergency,False,,,2025-08-15,2025-11-13,15,0.86,2,2486.85,2026-03-06 15:25:05
D0147,Donor 147,AB Positive,36,Female,+918566323583,donor147@example.com,Ahmedabad,983791,335 Ahmedabad Street,Bridge Member,False,BRIDGE_14,10.0,2025-12-08,2026-03-08,15,0.52,2,2683.45,2026-02-16 15:25:05
D0148,Donor 148,AB Positive,41,Male,+917720484983,donor148@example.com,Bangalore,153642,292 Bangalore Street,Emergency,False,,,2025-12-01,2026-03-01,17,0.88,1,1812.62,2025-08-15 15:25:05
D0149,Donor 149,O Negative,25,Male,+916415243819,donor149@example.com,Pune,513037,192 Pune Street,Active,False,,,2025-07-22,2025-10-20,10,0.84,0,2789.16,2025-05-28 15:25:05
D0150,Donor 150,A Positive,20,Male,+919064853643,donor150@example.com,Chennai,449218,412 Chennai Street,Active,False,,,2025-09-23,2025-12-22,15,0.52,0,2596.66,2026-01-05 15:25:05
D0151,Donor 151,A Positive,65,Female,+918550027973,donor151@example.com,Hyderabad,452713,260 Hyderabad Street,Bridge Member,False,BRIDGE_21,3.0,2025-11-17,2026-02-15,16,1.0,3,3543.7,2025-08-04 15:25:05
D0152,Donor 152,AB Negative,64,Other,+918702653209,donor152@example.com,Mumbai,127941,306 Mumbai Street,Active,True,,,2025-11-05,2026-02-03,15,0.79,0,1327.65,2024-08-04 15:25:05
D0153,Donor 153,A Negative,57,Female,+916634691836,donor153@example.com,Mumbai,961574,349 Mumbai Street,Active,True,,,2025-09-11,2025-12-10,7,0.81,0,157.85,2024-06-19 15:25:05
D0154,Donor 154,O Negative,62,Male,+917762557538,donor154@example.com,Chennai,626195,397 Chennai Street,Active,False,,,2025-11-04,2026-02-02,19,0.58,0,4602.6,2026-04-04 15:25:05
D0155,Donor 155,A Positive,29,Female,+919917543432,donor155@example.com,Chennai,659024,176 Chennai Street,Active,False,,,2025-09-10,2025-12-09,17,0.69,0,1771.43,2024-07-09 15:25:05
D0156,Donor 156,B Positive,32,Female,+919312168268,donor156@example.com,Ahmedabad,403042,361 Ahmedabad Street,Active,True,,,2026-01-15,2026-04-15,6,0.78,0,3451.2,2025-01-22 15:25:05
D0157,Donor 157,B Negative,61,Other,+917630774093,donor157@example.com,Ahmedabad,513697,420 Ahmedabad Street,Active,False,,,2026-01-10,2026-04-10,11,0.56,0,4773.04,2026-01-08 15:25:05
D0158,Donor 158,B Positive,59,Female,+919209794402,donor158@example.com,Mumbai,602351,110 Mumbai Street,Active,True,,,2025-12-11,2026-03-11,6,0.96,0,4139.76,2025-09-02 15:25:05
D0159,Donor 159,B Positive,51,Male,+918739951076,donor159@example.com,Bangalore,344146,27 Bangalore Street,Active,True,,,2026-02-02,2026-05-03,3,0.53,0,2066.51,2025-02-08 15:25:05
D0160,Donor 160,O Negative,48,Female,+918794042404,donor160@example.com,Bangalore,309144,388 Bangalore Street,Active,True,,,2025-11-10,2026-02-08,9,0.83,0,1605.84,2024-08-14 15:25:05
D0161,Donor 161,O Positive,20,Male,+917794802316,donor161@example.com,Delhi,978292,91 Delhi Street,Active,True,,,2025-09-06,2025-12-05,1,0.87,0,4985.86,2025-04-26 15:25:05
D0162,Donor 162,AB Negative,56,Male,+919987683174,donor162@example.com,Bangalore,451317,146 Bangalore Street,Bridge Member,False,BRIDGE_19,1.0,2026-06-02,2026-08-31,14,0.65,3,4446.3,2026-01-20 15:25:05
D0163,Donor 163,AB Negative,47,Other,+917104944224,donor163@example.com,Kolkata,853504,96 Kolkata Street,Active,True,,,2025-12-19,2026-03-19,0,0.58,0,3683.09,2025-08-08 15:25:05
D0164,Donor 164,A Negative,23,Female,+918874432021,donor164@example.com,Bangalore,200018,95 Bangalore Street,Active,False,,,2025-10-31,2026-01-29,4,0.76,0,2387.27,2025-09-25 15:25:05
D0165,Donor 165,O Positive,37,Other,+919104756811,donor165@example.com,Kolkata,700705,6 Kolkata Street,Active,False,,,2026-01-21,2026-04-21,8,0.98,0,3268.42,2024-06-27 15:25:05
D0166,Donor 166,A Negative,61,Other,+919964710116,donor166@example.com,Mumbai,837733,395 Mumbai Street,Active,False,,,2025-12-31,2026-03-31,9,0.58,0,3451.45,2024-08-21 15:25:05
D0167,Donor 167,B Positive,47,Other,+918601628976,donor167@example.com,Hyderabad,491774,213 Hyderabad Street,Active,True,,,2026-03-30,2026-06-28,17,0.74,0,4563.98,2024-12-03 15:25:05
D0168,Donor 168,A Negative,63,Female,+916335448617,donor168@example.com,Chennai,691573,58 Chennai Street,Active,True,,,2025-09-10,2025-12-09,1,0.72,0,4143.87,2025-01-05 15:25:05
D0169,Donor 169,A Negative,63,Other,+918099500153,donor169@example.com,Bangalore,195359,461 Bangalore Street,Active,False,,,2026-04-08,2026-07-07,16,0.84,0,2227.41,2026-04-11 15:25:05
D0170,Donor 170,AB Negative,47,Other,+919465675062,donor170@example.com,Bangalore,423139,371 Bangalore Street,Active,False,,,2025-08-22,2025-11-20,0,0.53,0,1979.74,2026-06-03 15:25:05
D0171,Donor 171,A Negative,21,Male,+918027530378,donor171@example.com,Delhi,133276,147 Delhi Street,Active,False,,,2025-06-13,2025-09-11,13,0.53,0,899.91,2026-01-19 15:25:05
D0172,Donor 172,AB Positive,61,Other,+919756179616,donor172@example.com,Hyderabad,665497,69 Hyderabad Street,Bridge Member,False,BRIDGE_25,8.0,2025-11-25,2026-02-23,20,0.69,2,593.17,2024-12-03 15:25:05
D0173,Donor 173,AB Positive,37,Female,+918892659845,donor173@example.com,Bangalore,854024,279 Bangalore Street,Inactive,False,,,2026-02-12,2026-05-13,13,0.3,3,4116.8,2025-09-26 15:25:05
D0174,Donor 174,AB Negative,60,Female,+918641075042,donor174@example.com,Hyderabad,903265,480 Hyderabad Street,Active,True,,,2026-04-10,2026-07-09,0,0.52,0,1203.33,2026-03-30 15:25:05
D0175,Donor 175,O Negative,43,Female,+917006479526,donor175@example.com,Mumbai,665979,112 Mumbai Street,Active,True,,,2026-02-01,2026-05-02,1,0.87,0,700.68,2025-08-14 15:25:05
D0176,Donor 176,A Negative,27,Other,+918238756255,donor176@example.com,Hyderabad,331780,212 Hyderabad Street,Active,False,,,2026-02-05,2026-05-06,9,0.65,0,1375.77,2024-11-13 15:25:05
D0177,Donor 177,A Positive,60,Female,+919375005052,donor177@example.com,Pune,649939,164 Pune Street,Active,True,,,2025-12-12,2026-03-12,13,0.97,0,2041.3,2025-08-03 15:25:05
D0178,Donor 178,AB Positive,63,Male,+919460782270,donor178@example.com,Bangalore,585517,469 Bangalore Street,Inactive,False,,,2025-10-07,2026-01-05,1,0.09,3,4838.93,2024-11-13 15:25:05
D0179,Donor 179,A Positive,46,Female,+916397129827,donor179@example.com,Pune,661654,371 Pune Street,Active,True,,,2025-12-19,2026-03-19,6,0.82,0,257.68,2025-05-16 15:25:05
D0180,Donor 180,O Positive,39,Female,+919904100195,donor180@example.com,Delhi,116078,109 Delhi Street,Active,True,,,2025-10-04,2026-01-02,6,0.6,0,4810.39,2026-02-06 15:25:05
D0181,Donor 181,AB Negative,53,Female,+919330806782,donor181@example.com,Chennai,396809,195 Chennai Street,Active,True,,,2025-11-15,2026-02-13,14,0.96,0,2668.25,2025-06-04 15:25:05
D0182,Donor 182,B Positive,64,Female,+919271171496,donor182@example.com,Kolkata,980521,164 Kolkata Street,Active,False,,,2025-10-11,2026-01-09,6,0.55,0,1853.52,2025-04-09 15:25:05
D0183,Donor 183,O Positive,55,Other,+917793484162,donor183@example.com,Chennai,409531,79 Chennai Street,Inactive,False,,,2026-05-29,2026-08-27,6,0.37,2,1150.09,2024-10-31 15:25:05
D0184,Donor 184,A Negative,49,Other,+918756056675,donor184@example.com,Ahmedabad,875520,252 Ahmedabad Street,Active,False,,,2026-01-26,2026-04-26,14,0.88,0,841.17,2025-06-11 15:25:05
D0185,Donor 185,A Positive,59,Male,+918250324141,donor185@example.com,Bangalore,135466,430 Bangalore Street,Inactive,False,,,2025-09-29,2025-12-28,2,0.36,0,3821.69,2025-04-10 15:25:05
D0186,Donor 186,A Positive,47,Female,+916259631271,donor186@example.com,Chennai,747847,327 Chennai Street,Active,True,,,2026-06-02,2026-08-31,19,0.61,0,4563.76,2024-07-31 15:25:05
D0187,Donor 187,AB Negative,64,Female,+918300977631,donor187@example.com,Mumbai,400614,9 Mumbai Street,Active,False,,,2026-05-31,2026-08-29,16,0.51,0,4065.79,2024-07-16 15:25:05
D0188,Donor 188,AB Positive,30,Other,+918261111254,donor188@example.com,Bangalore,364679,418 Bangalore Street,Active,True,,,2025-09-11,2025-12-10,11,0.57,0,1336.62,2025-04-26 15:25:05
D0189,Donor 189,O Negative,32,Female,+918937936410,donor189@example.com,Hyderabad,968286,435 Hyderabad Street,Bridge Member,False,BRIDGE_30,10.0,2026-02-02,2026-05-03,2,1.0,0,467.5,2025-05-14 15:25:05
D0190,Donor 190,AB Positive,49,Female,+918769855512,donor190@example.com,Ahmedabad,922478,170 Ahmedabad Street,Active,True,,,2025-06-12,2025-09-10,18,0.59,0,4886.65,2026-03-01 15:25:05
D0191,Donor 191,O Positive,22,Other,+919975356499,donor191@example.com,Chennai,393992,461 Chennai Street,Active,False,,,2026-01-19,2026-04-19,17,0.52,0,2817.55,2026-05-04 15:25:05
D0192,Donor 192,A Positive,63,Female,+919989487508,donor192@example.com,Hyderabad,180674,154 Hyderabad Street,Active,True,,,2025-08-10,2025-11-08,5,0.57,0,2819.79,2024-11-03 15:25:05
D0193,Donor 193,AB Positive,50,Other,+917485455239,donor193@example.com,Hyderabad,156304,51 Hyderabad Street,Active,True,,,2025-06-19,2025-09-17,13,0.86,0,1160.72,2026-03-21 15:25:05
D0194,Donor 194,B Negative,46,Female,+916979846924,donor194@example.com,Pune,473095,284 Pune Street,Bridge Member,False,BRIDGE_21,1.0,2025-07-17,2025-10-15,12,0.64,3,928.69,2024-10-15 15:25:05
D0195,Donor 195,AB Positive,23,Female,+916662373991,donor195@example.com,Delhi,498458,365 Delhi Street,Inactive,False,,,2026-01-06,2026-04-06,20,0.29,1,3698.28,2025-07-17 15:25:05
D0196,Donor 196,B Negative,35,Male,+916569113257,donor196@example.com,Delhi,191537,96 Delhi Street,Active,False,,,2025-10-22,2026-01-20,13,0.68,0,2244.22,2024-11-15 15:25:05
D0197,Donor 197,AB Positive,56,Female,+919709641319,donor197@example.com,Delhi,503951,7 Delhi Street,Active,False,,,2025-08-27,2025-11-25,9,0.55,0,2069.05,2026-03-12 15:25:05
D0198,Donor 198,A Negative,35,Female,+916626785308,donor198@example.com,Bangalore,166340,86 Bangalore Street,Active,True,,,2026-03-27,2026-06-25,13,0.63,0,1379.81,2025-08-04 15:25:05
D0199,Donor 199,AB Negative,57,Male,+917966500767,donor199@example.com,Delhi,212168,70 Delhi Street,Active,True,,,2025-07-21,2025-10-19,9,0.75,0,33.84,2025-04-27 15:25:05
D0200,Donor 200,B Negative,45,Other,+918552898167,donor200@example.com,Pune,242736,154 Pune Street,Emergency,False,,,2025-12-20,2026-03-20,10,0.72,1,2395.05,2025-12-07 15:25:05
D0201,Donor 201,AB Positive,38,Female,+917203879959,donor201@example.com,Hyderabad,956156,403 Hyderabad Street,Active,False,,,2025-08-16,2025-11-14,12,0.89,0,1825.08,2024-11-06 15:25:05
D0202,Donor 202,A Negative,31,Female,+919426033231,donor202@example.com,Bangalore,405482,426 Bangalore Street,Active,True,,,2025-10-13,2026-01-11,2,0.97,0,4094.83,2025-04-14 15:25:05
D0203,Donor 203,AB Negative,63,Female,+919389058904,donor203@example.com,Bangalore,495303,38 Bangalore Street,Active,True,,,2026-01-28,2026-04-28,14,0.83,0,4953.5,2025-02-01 15:25:05
D0204,Donor 204,AB Positive,52,Other,+918740963777,donor204@example.com,Pune,189110,56 Pune Street,Active,False,,,2025-06-12,2025-09-10,7,0.95,0,3288.01,2025-06-08 15:25:05
D0205,Donor 205,A Positive,45,Male,+916045302356,donor205@example.com,Mumbai,203396,133 Mumbai Street,Active,False,,,2025-12-19,2026-03-19,7,0.98,0,2553.38,2024-12-22 15:25:05
D0206,Donor 206,A Negative,50,Male,+917481623643,donor206@example.com,Ahmedabad,125755,248 Ahmedabad Street,Active,False,,,2025-06-24,2025-09-22,3,0.79,0,1477.16,2026-03-11 15:25:05
D0207,Donor 207,O Negative,51,Female,+917495938377,donor207@example.com,Bangalore,599292,50 Bangalore Street,Active,False,,,2025-10-16,2026-01-14,14,0.89,0,3609.97,2025-02-28 15:25:05
D0208,Donor 208,B Negative,59,Male,+918908291293,donor208@example.com,Delhi,938913,85 Delhi Street,Active,True,,,2026-05-26,2026-08-24,7,0.92,0,2579.97,2024-11-18 15:25:05
D0209,Donor 209,A Positive,58,Male,+916800525739,donor209@example.com,Hyderabad,771590,337 Hyderabad Street,Active,False,,,2026-02-08,2026-05-09,13,0.9,0,1977.91,2024-09-16 15:25:05
D0210,Donor 210,A Negative,31,Female,+919231213392,donor210@example.com,Ahmedabad,837945,415 Ahmedabad Street,Active,False,,,2026-06-04,2026-09-02,2,0.85,0,2886.74,2024-12-04 15:25:05
D0211,Donor 211,A Positive,49,Other,+918744950470,donor211@example.com,Hyderabad,428628,306 Hyderabad Street,Active,False,,,2026-04-09,2026-07-08,12,0.63,0,3056.54,2024-10-13 15:25:05
D0212,Donor 212,O Negative,61,Other,+919438608304,donor212@example.com,Hyderabad,411893,471 Hyderabad Street,Active,False,,,2025-07-25,2025-10-23,19,0.59,0,2950.84,2024-07-18 15:25:05
D0213,Donor 213,A Positive,62,Male,+918193976097,donor213@example.com,Hyderabad,507333,215 Hyderabad Street,Active,False,,,2026-04-08,2026-07-07,19,0.59,0,689.34,2025-05-10 15:25:05
D0214,Donor 214,AB Positive,36,Male,+916803582272,donor214@example.com,Bangalore,429861,432 Bangalore Street,Active,True,,,2025-08-26,2025-11-24,14,0.58,0,3097.05,2025-06-04 15:25:05
D0215,Donor 215,O Positive,49,Female,+918940749808,donor215@example.com,Ahmedabad,615611,213 Ahmedabad Street,Active,False,,,2025-08-23,2025-11-21,14,0.75,0,2443.5,2026-03-14 15:25:05
D0216,Donor 216,O Positive,28,Female,+918429450217,donor216@example.com,Chennai,878586,396 Chennai Street,Active,False,,,2026-02-11,2026-05-12,15,0.77,0,2748.63,2026-02-11 15:25:05
D0217,Donor 217,O Negative,64,Female,+918346569443,donor217@example.com,Kolkata,329157,218 Kolkata Street,Inactive,False,,,2025-12-01,2026-03-01,3,0.3,1,1488.54,2026-05-04 15:25:05
D0218,Donor 218,AB Negative,25,Male,+916901419863,donor218@example.com,Kolkata,950083,378 Kolkata Street,Active,True,,,2025-10-25,2026-01-23,18,0.93,0,3445.67,2024-06-09 15:25:05
D0219,Donor 219,AB Positive,54,Female,+918286128610,donor219@example.com,Bangalore,394739,306 Bangalore Street,Active,True,,,2026-02-21,2026-05-22,17,0.9,0,841.89,2024-06-16 15:25:05
D0220,Donor 220,B Positive,44,Male,+917191095508,donor220@example.com,Kolkata,787757,65 Kolkata Street,Active,True,,,2026-03-29,2026-06-27,4,0.98,0,1248.39,2024-06-08 15:25:05
D0221,Donor 221,B Negative,58,Female,+918696435541,donor221@example.com,Chennai,534346,193 Chennai Street,Inactive,False,,,2025-06-25,2025-09-23,14,0.06,0,3168.14,2026-03-03 15:25:05
D0222,Donor 222,AB Positive,38,Other,+916010621799,donor222@example.com,Kolkata,911739,434 Kolkata Street,Active,False,,,2025-10-17,2026-01-15,2,0.98,0,3654.66,2025-02-22 15:25:05
D0223,Donor 223,B Negative,31,Female,+917153356934,donor223@example.com,Delhi,438548,425 Delhi Street,Inactive,False,,,2025-11-15,2026-02-13,9,0.17,2,2736.55,2026-01-24 15:25:05
D0224,Donor 224,AB Negative,58,Female,+916069927882,donor224@example.com,Hyderabad,230272,476 Hyderabad Street,Emergency,False,,,2026-05-13,2026-08-11,5,0.52,3,2282.59,2025-03-25 15:25:05
D0225,Donor 225,A Negative,35,Male,+918811433912,donor225@example.com,Bangalore,477943,129 Bangalore Street,Emergency,False,,,2026-01-03,2026-04-03,2,0.58,2,3322.54,2024-08-11 15:25:05
D0226,Donor 226,A Positive,45,Other,+916391697534,donor226@example.com,Mumbai,837880,49 Mumbai Street,Active,False,,,2025-06-13,2025-09-11,0,0.88,0,1067.11,2026-03-19 15:25:05
D0227,Donor 227,A Positive,39,Male,+919695133408,donor227@example.com,Chennai,542828,356 Chennai Street,Active,False,,,2026-06-02,2026-08-31,4,0.5,0,2388.5,2025-10-15 15:25:05
D0228,Donor 228,AB Positive,37,Male,+917643774394,donor228@example.com,Delhi,911032,417 Delhi Street,Inactive,False,,,2026-04-15,2026-07-14,4,0.15,1,342.06,2024-11-07 15:25:05
D0229,Donor 229,O Positive,44,Other,+918948779260,donor229@example.com,Bangalore,563873,441 Bangalore Street,Active,True,,,2025-07-20,2025-10-18,6,0.87,0,433.44,2026-02-24 15:25:05
D0230,Donor 230,A Positive,38,Male,+917064234397,donor230@example.com,Delhi,390421,331 Delhi Street,Active,False,,,2025-12-09,2026-03-09,2,0.98,0,1240.84,2024-09-29 15:25:05
D0231,Donor 231,B Positive,31,Other,+918606731065,donor231@example.com,Mumbai,634273,97 Mumbai Street,Emergency,False,,,2025-07-04,2025-10-02,12,0.94,2,3230.85,2025-10-04 15:25:05
D0232,Donor 232,AB Negative,51,Male,+917550904983,donor232@example.com,Pune,431845,68 Pune Street,Active,False,,,2025-07-15,2025-10-13,12,0.8,0,4304.07,2024-11-01 15:25:05
D0233,Donor 233,AB Positive,22,Male,+918522707023,donor233@example.com,Hyderabad,170813,8 Hyderabad Street,Active,True,,,2025-10-08,2026-01-06,8,0.98,0,1078.71,2026-04-06 15:25:05
D0234,Donor 234,AB Positive,23,Other,+918304528350,donor234@example.com,Kolkata,663772,316 Kolkata Street,Active,False,,,2025-11-02,2026-01-31,4,0.85,0,1387.34,2025-07-24 15:25:05
D0235,Donor 235,O Negative,58,Other,+918925111890,donor235@example.com,Chennai,774396,34 Chennai Street,Bridge Member,False,BRIDGE_10,9.0,2025-12-21,2026-03-21,9,0.7,3,3649.79,2025-10-05 15:25:05
D0236,Donor 236,O Positive,56,Male,+917328390707,donor236@example.com,Chennai,798435,380 Chennai Street,Active,False,,,2026-04-08,2026-07-07,5,0.73,0,597.22,2024-06-12 15:25:05
D0237,Donor 237,A Positive,64,Female,+916717100421,donor237@example.com,Mumbai,489933,65 Mumbai Street,Active,False,,,2025-09-12,2025-12-11,8,0.76,0,3664.68,2026-02-06 15:25:05
D0238,Donor 238,O Positive,34,Other,+918476700066,donor238@example.com,Hyderabad,758015,40 Hyderabad Street,Emergency,False,,,2026-01-18,2026-04-18,15,0.76,3,2553.91,2026-04-11 15:25:05
D0239,Donor 239,AB Negative,61,Other,+916495354059,donor239@example.com,Bangalore,339499,380 Bangalore Street,Active,False,,,2026-04-15,2026-07-14,16,0.95,0,12.84,2026-05-25 15:25:05
D0240,Donor 240,A Negative,20,Other,+919449354722,donor240@example.com,Mumbai,848705,380 Mumbai Street,Active,False,,,2026-03-22,2026-06-20,20,0.59,0,2096.85,2025-07-12 15:25:05
D0241,Donor 241,A Negative,25,Other,+918891911919,donor241@example.com,Pune,155230,92 Pune Street,Bridge Member,False,BRIDGE_21,5.0,2026-04-28,2026-07-27,7,0.79,0,4770.4,2026-03-28 15:25:05
D0242,Donor 242,AB Negative,18,Female,+916861876057,donor242@example.com,Kolkata,405759,289 Kolkata Street,Inactive,False,,,2025-12-29,2026-03-29,9,0.22,1,2319.63,2024-10-09 15:25:05
D0243,Donor 243,AB Negative,18,Female,+916102693781,donor243@example.com,Chennai,344315,278 Chennai Street,Inactive,False,,,2025-08-31,2025-11-29,11,0.1,0,4754.95,2026-06-05 15:25:05
D0244,Donor 244,AB Positive,21,Male,+919056524105,donor244@example.com,Kolkata,393418,48 Kolkata Street,Active,True,,,2025-11-04,2026-02-02,1,0.75,0,4606.37,2024-12-21 15:25:05
D0245,Donor 245,AB Positive,26,Other,+919521713809,donor245@example.com,Hyderabad,513507,39 Hyderabad Street,Active,True,,,2025-08-13,2025-11-11,18,0.55,0,2839.1,2025-03-18 15:25:05
D0246,Donor 246,A Positive,65,Female,+917366047498,donor246@example.com,Chennai,574751,140 Chennai Street,Active,False,,,2025-11-17,2026-02-15,7,0.85,0,373.44,2025-11-11 15:25:05
D0247,Donor 247,A Positive,44,Male,+918301778419,donor247@example.com,Delhi,475691,494 Delhi Street,Active,True,,,2025-10-19,2026-01-17,6,0.73,0,2259.59,2025-02-17 15:25:05
D0248,Donor 248,B Positive,20,Male,+919590269471,donor248@example.com,Delhi,998182,168 Delhi Street,Active,False,,,2025-06-11,2025-09-09,4,0.85,0,456.06,2025-09-25 15:25:05
D0249,Donor 249,B Negative,29,Male,+917736851379,donor249@example.com,Pune,996114,232 Pune Street,Active,False,,,2026-01-24,2026-04-24,17,0.91,0,3740.39,2025-09-24 15:25:05
D0250,Donor 250,O Negative,32,Male,+916850974890,donor250@example.com,Ahmedabad,963684,206 Ahmedabad Street,Active,True,,,2026-04-05,2026-07-04,11,0.51,0,3431.43,2024-08-15 15:25:05
D0251,Donor 251,O Negative,59,Female,+919475911318,donor251@example.com,Kolkata,235047,48 Kolkata Street,Bridge Member,False,BRIDGE_5,1.0,2026-05-04,2026-08-02,10,0.6,0,213.48,2025-02-19 15:25:05
D0252,Donor 252,O Positive,61,Female,+916742201314,donor252@example.com,Bangalore,471136,110 Bangalore Street,Bridge Member,False,BRIDGE_28,7.0,2025-09-25,2025-12-24,5,0.51,2,1399.27,2026-01-05 15:25:05
D0253,Donor 253,O Positive,48,Male,+916376761189,donor253@example.com,Chennai,393366,197 Chennai Street,Active,False,,,2025-11-08,2026-02-06,4,0.94,0,2096.17,2024-08-17 15:25:05
D0254,Donor 254,A Negative,49,Female,+919919917928,donor254@example.com,Mumbai,693128,258 Mumbai Street,Bridge Member,False,BRIDGE_46,6.0,2025-10-04,2026-01-02,10,0.77,3,1352.18,2026-05-11 15:25:05
D0255,Donor 255,B Negative,48,Other,+917535162577,donor255@example.com,Chennai,904092,300 Chennai Street,Active,False,,,2026-05-08,2026-08-06,7,0.9,0,4869.9,2026-02-24 15:25:05
D0256,Donor 256,A Negative,42,Female,+919604432125,donor256@example.com,Chennai,986278,89 Chennai Street,Active,True,,,2026-02-14,2026-05-15,5,0.79,0,1182.76,2025-07-16 15:25:05
D0257,Donor 257,B Negative,54,Male,+919593585539,donor257@example.com,Mumbai,949767,452 Mumbai Street,Inactive,False,,,2025-12-08,2026-03-08,15,0.23,2,877.78,2026-04-29 15:25:05
D0258,Donor 258,O Negative,18,Female,+919942334096,donor258@example.com,Mumbai,743966,104 Mumbai Street,Active,True,,,2026-05-27,2026-08-25,4,0.76,0,1703.8,2025-12-07 15:25:05
D0259,Donor 259,B Negative,41,Male,+917604560177,donor259@example.com,Mumbai,838761,483 Mumbai Street,Active,True,,,2026-04-11,2026-07-10,12,0.92,0,2930.08,2025-06-27 15:25:05
D0260,Donor 260,B Positive,49,Other,+917362721798,donor260@example.com,Hyderabad,282664,363 Hyderabad Street,Active,True,,,2025-10-26,2026-01-24,17,0.9,0,3467.8,2024-09-16 15:25:05
D0261,Donor 261,B Negative,62,Female,+916546957087,donor261@example.com,Chennai,286340,374 Chennai Street,Active,True,,,2025-11-25,2026-02-23,0,0.65,0,4743.94,2024-10-28 15:25:05
D0262,Donor 262,AB Positive,54,Male,+918131098613,donor262@example.com,Mumbai,247475,170 Mumbai Street,Active,False,,,2025-07-28,2025-10-26,2,0.61,0,1189.98,2025-07-14 15:25:05
D0263,Donor 263,A Positive,39,Female,+916048943839,donor263@example.com,Delhi,378095,108 Delhi Street,Emergency,False,,,2025-06-28,2025-09-26,7,0.82,0,1752.41,2026-02-16 15:25:05
D0264,Donor 264,O Positive,49,Female,+917508526390,donor264@example.com,Mumbai,672547,193 Mumbai Street,Active,False,,,2026-03-13,2026-06-11,3,0.94,0,4144.03,2024-10-23 15:25:05
D0265,Donor 265,A Negative,34,Male,+916318688299,donor265@example.com,Bangalore,458411,88 Bangalore Street,Active,True,,,2026-01-07,2026-04-07,12,0.51,0,804.52,2026-03-22 15:25:05
D0266,Donor 266,O Negative,59,Male,+918608409338,donor266@example.com,Hyderabad,555292,81 Hyderabad Street,Active,False,,,2025-06-11,2025-09-09,1,0.52,0,506.29,2025-11-08 15:25:05
D0267,Donor 267,A Negative,33,Male,+916213182609,donor267@example.com,Pune,511987,293 Pune Street,Active,False,,,2025-07-03,2025-10-01,17,0.64,0,4199.27,2025-12-31 15:25:05
D0268,Donor 268,O Positive,58,Other,+918062994753,donor268@example.com,Hyderabad,309374,50 Hyderabad Street,Active,True,,,2026-01-07,2026-04-07,0,0.91,0,1034.76,2024-08-22 15:25:05
D0269,Donor 269,B Positive,48,Female,+919843469524,donor269@example.com,Delhi,793150,136 Delhi Street,Active,True,,,2025-12-31,2026-03-31,2,0.89,0,3209.33,2025-05-06 15:25:05
D0270,Donor 270,A Positive,20,Female,+917888670721,donor270@example.com,Hyderabad,587648,135 Hyderabad Street,Emergency,False,,,2025-11-29,2026-02-27,7,0.59,2,2821.23,2026-01-03 15:25:05
D0271,Donor 271,O Negative,21,Female,+919515023631,donor271@example.com,Delhi,647967,215 Delhi Street,Active,False,,,2025-08-09,2025-11-07,17,0.61,0,3435.34,2025-02-05 15:25:05
D0272,Donor 272,A Negative,54,Other,+919437908017,donor272@example.com,Ahmedabad,699245,347 Ahmedabad Street,Active,False,,,2025-06-06,2025-09-04,19,0.52,0,737.24,2025-03-04 15:25:05
D0273,Donor 273,A Positive,61,Female,+916867236691,donor273@example.com,Bangalore,962520,322 Bangalore Street,Bridge Member,False,BRIDGE_13,3.0,2026-05-16,2026-08-14,4,0.71,2,1598.75,2026-03-30 15:25:05
D0274,Donor 274,O Negative,18,Other,+918676013419,donor274@example.com,Pune,716118,268 Pune Street,Active,False,,,2026-01-16,2026-04-16,13,0.76,0,562.59,2026-01-04 15:25:05
D0275,Donor 275,A Positive,40,Female,+917134458188,donor275@example.com,Delhi,501650,336 Delhi Street,Bridge Member,False,BRIDGE_37,2.0,2026-01-11,2026-04-11,15,0.93,3,187.33,2025-08-28 15:25:05
D0276,Donor 276,AB Positive,39,Other,+917020395327,donor276@example.com,Bangalore,151685,382 Bangalore Street,Active,False,,,2026-05-18,2026-08-16,15,0.7,0,4604.17,2025-05-21 15:25:05
D0277,Donor 277,O Positive,49,Other,+918941417062,donor277@example.com,Hyderabad,202988,498 Hyderabad Street,Emergency,False,,,2026-01-02,2026-04-02,7,0.66,1,1502.4,2025-03-10 15:25:05
D0278,Donor 278,B Negative,31,Female,+919182333695,donor278@example.com,Kolkata,607993,389 Kolkata Street,Inactive,False,,,2025-08-01,2025-10-30,16,0.08,2,4105.09,2024-12-26 15:25:05
D0279,Donor 279,A Positive,51,Other,+916124331395,donor279@example.com,Delhi,282176,99 Delhi Street,Active,False,,,2026-03-29,2026-06-27,6,0.89,0,4184.88,2025-09-24 15:25:05
D0280,Donor 280,O Positive,41,Female,+918169501271,donor280@example.com,Ahmedabad,516224,326 Ahmedabad Street,Active,False,,,2025-06-11,2025-09-09,3,0.6,0,3405.87,2025-10-02 15:25:05
D0281,Donor 281,B Negative,40,Female,+916702285630,donor281@example.com,Ahmedabad,978343,458 Ahmedabad Street,Active,True,,,2025-10-07,2026-01-05,8,0.79,0,3744.81,2024-07-01 15:25:05
D0282,Donor 282,O Negative,31,Male,+918780475472,donor282@example.com,Kolkata,336047,347 Kolkata Street,Active,True,,,2026-03-15,2026-06-13,6,0.93,0,1345.42,2025-04-13 15:25:05
D0283,Donor 283,O Positive,18,Male,+917084008690,donor283@example.com,Mumbai,737894,413 Mumbai Street,Active,True,,,2025-07-10,2025-10-08,9,0.59,0,3563.7,2024-06-10 15:25:05
D0284,Donor 284,B Positive,31,Female,+917297703275,donor284@example.com,Pune,810091,267 Pune Street,Emergency,False,,,2025-12-10,2026-03-10,19,0.73,3,2922.44,2026-05-30 15:25:05
D0285,Donor 285,B Negative,35,Other,+917396453077,donor285@example.com,Kolkata,390334,134 Kolkata Street,Active,True,,,2025-10-03,2026-01-01,20,0.53,0,3555.47,2024-08-08 15:25:05
D0286,Donor 286,B Positive,56,Female,+918836956156,donor286@example.com,Chennai,435109,349 Chennai Street,Active,True,,,2026-05-08,2026-08-06,4,0.9,0,3606.42,2024-08-04 15:25:05
D0287,Donor 287,AB Negative,20,Other,+919041133003,donor287@example.com,Kolkata,699829,418 Kolkata Street,Active,False,,,2025-11-11,2026-02-09,6,0.69,0,1715.84,2024-06-06 15:25:05
D0288,Donor 288,A Negative,28,Other,+919764516447,donor288@example.com,Ahmedabad,685365,93 Ahmedabad Street,Bridge Member,False,BRIDGE_43,6.0,2025-09-20,2025-12-19,9,0.65,0,2353.9,2025-09-15 15:25:05
D0289,Donor 289,A Positive,37,Female,+919384822653,donor289@example.com,Hyderabad,447411,191 Hyderabad Street,Active,True,,,2025-12-07,2026-03-07,8,0.61,0,2927.85,2025-02-17 15:25:05
D0290,Donor 290,O Negative,50,Male,+919725874491,donor290@example.com,Ahmedabad,813763,196 Ahmedabad Street,Active,True,,,2025-10-08,2026-01-06,16,0.94,0,1491.78,2026-04-12 15:25:05
D0291,Donor 291,A Positive,47,Male,+917358856601,donor291@example.com,Bangalore,850432,93 Bangalore Street,Bridge Member,False,BRIDGE_22,7.0,2025-08-19,2025-11-17,2,0.95,3,1663.15,2025-12-07 15:25:05
D0292,Donor 292,B Negative,28,Other,+919283432667,donor292@example.com,Mumbai,266131,251 Mumbai Street,Active,False,,,2026-02-19,2026-05-20,2,0.88,0,647.03,2025-03-19 15:25:05
D0293,Donor 293,AB Positive,52,Male,+919138156825,donor293@example.com,Pune,491225,487 Pune Street,Active,False,,,2025-11-22,2026-02-20,0,0.5,0,4460.03,2024-12-10 15:25:05
D0294,Donor 294,A Negative,40,Female,+916553753599,donor294@example.com,Mumbai,207697,197 Mumbai Street,Active,True,,,2026-02-11,2026-05-12,16,0.85,0,2943.35,2025-12-17 15:25:05
D0295,Donor 295,O Negative,56,Other,+917450990916,donor295@example.com,Mumbai,554730,455 Mumbai Street,Active,False,,,2025-10-16,2026-01-14,4,0.86,0,1713.66,2025-01-21 15:25:05
D0296,Donor 296,B Negative,64,Male,+916907055132,donor296@example.com,Chennai,869735,12 Chennai Street,Active,False,,,2026-05-28,2026-08-26,18,0.61,0,2523.17,2026-01-31 15:25:05
D0297,Donor 297,B Negative,56,Male,+918843139149,donor297@example.com,Mumbai,213365,335 Mumbai Street,Active,False,,,2025-09-06,2025-12-05,0,0.81,0,241.18,2026-02-08 15:25:05
D0298,Donor 298,AB Positive,31,Other,+918945230984,donor298@example.com,Ahmedabad,760929,5 Ahmedabad Street,Active,False,,,2025-10-07,2026-01-05,9,0.85,0,2104.36,2026-02-23 15:25:05
D0299,Donor 299,B Positive,25,Female,+916489680170,donor299@example.com,Bangalore,922880,55 Bangalore Street,Active,True,,,2025-09-18,2025-12-17,15,0.86,0,993.23,2025-11-14 15:25:05
D0300,Donor 300,B Positive,53,Female,+919909951947,donor300@example.com,Chennai,317782,353 Chennai Street,Active,False,,,2026-01-06,2026-04-06,15,0.58,0,1653.02,2026-06-04 15:25:05
D0301,Donor 301,O Positive,50,Male,+919107682060,donor301@example.com,Delhi,858724,52 Delhi Street,Bridge Member,False,BRIDGE_37,8.0,2026-03-22,2026-06-20,8,0.97,1,2283.76,2025-08-07 15:25:05
D0302,Donor 302,B Positive,41,Other,+917343066791,donor302@example.com,Ahmedabad,546688,379 Ahmedabad Street,Active,True,,,2026-05-17,2026-08-15,3,0.93,0,474.99,2026-04-21 15:25:05
D0303,Donor 303,O Positive,46,Other,+917152380087,donor303@example.com,Bangalore,868677,48 Bangalore Street,Active,True,,,2025-12-20,2026-03-20,11,0.68,0,4074.82,2025-12-01 15:25:05
D0304,Donor 304,O Negative,62,Female,+919435540461,donor304@example.com,Pune,542226,333 Pune Street,Active,False,,,2026-01-18,2026-04-18,5,0.92,0,565.28,2024-06-24 15:25:05
D0305,Donor 305,O Positive,29,Other,+917631017155,donor305@example.com,Bangalore,917012,184 Bangalore Street,Active,False,,,2025-08-19,2025-11-17,19,0.84,0,144.08,2024-07-06 15:25:05
D0306,Donor 306,A Positive,34,Other,+917349641712,donor306@example.com,Ahmedabad,112960,361 Ahmedabad Street,Bridge Member,False,BRIDGE_8,7.0,2025-10-24,2026-01-22,16,0.52,1,4889.48,2024-07-21 15:25:05
D0307,Donor 307,B Negative,61,Other,+917653032484,donor307@example.com,Delhi,255875,430 Delhi Street,Active,True,,,2025-10-03,2026-01-01,17,0.67,0,4460.31,2024-09-17 15:25:05
D0308,Donor 308,O Positive,49,Male,+916321543768,donor308@example.com,Mumbai,887931,252 Mumbai Street,Active,True,,,2025-09-21,2025-12-20,10,0.92,0,1204.46,2025-08-26 15:25:05
D0309,Donor 309,O Positive,23,Female,+917907776673,donor309@example.com,Chennai,940183,294 Chennai Street,Active,False,,,2025-11-12,2026-02-10,14,0.91,0,440.1,2025-01-12 15:25:05
D0310,Donor 310,AB Negative,43,Female,+916153896961,donor310@example.com,Hyderabad,684194,282 Hyderabad Street,Active,False,,,2025-07-07,2025-10-05,0,0.51,0,4129.54,2024-09-26 15:25:05
D0311,Donor 311,B Positive,21,Male,+919626315792,donor311@example.com,Chennai,576535,170 Chennai Street,Active,False,,,2025-12-14,2026-03-14,17,0.68,0,3837.08,2024-09-30 15:25:05
D0312,Donor 312,AB Negative,18,Female,+917525310290,donor312@example.com,Hyderabad,970196,325 Hyderabad Street,Inactive,False,,,2026-04-09,2026-07-08,9,0.26,2,3510.48,2026-04-21 15:25:05
D0313,Donor 313,A Positive,30,Male,+916518599264,donor313@example.com,Ahmedabad,993590,202 Ahmedabad Street,Active,False,,,2026-04-13,2026-07-12,6,0.63,0,2285.23,2025-11-23 15:25:05
D0314,Donor 314,B Negative,55,Male,+919316338263,donor314@example.com,Delhi,572388,235 Delhi Street,Inactive,False,,,2026-05-14,2026-08-12,18,0.33,1,4819.27,2026-06-02 15:25:05
D0315,Donor 315,O Positive,29,Other,+918484872186,donor315@example.com,Pune,282085,375 Pune Street,Emergency,False,,,2025-10-02,2025-12-31,4,0.96,0,1937.03,2024-09-30 15:25:05
D0316,Donor 316,B Negative,39,Female,+917944957475,donor316@example.com,Pune,943890,69 Pune Street,Active,True,,,2026-01-17,2026-04-17,4,0.7,0,2063.73,2024-06-20 15:25:05
D0317,Donor 317,B Positive,57,Other,+917248029429,donor317@example.com,Hyderabad,819964,177 Hyderabad Street,Inactive,False,,,2025-08-27,2025-11-25,4,0.08,1,2519.47,2024-06-26 15:25:05
D0318,Donor 318,B Negative,60,Other,+917793054056,donor318@example.com,Delhi,806995,383 Delhi Street,Inactive,False,,,2025-08-23,2025-11-21,17,0.23,2,4387.39,2025-03-31 15:25:05
D0319,Donor 319,O Positive,30,Female,+919222020108,donor319@example.com,Delhi,923690,83 Delhi Street,Active,True,,,2026-05-10,2026-08-08,9,0.84,0,3416.95,2026-01-08 15:25:05
D0320,Donor 320,O Positive,24,Other,+919728183547,donor320@example.com,Kolkata,808340,379 Kolkata Street,Active,True,,,2025-12-05,2026-03-05,17,0.91,0,4324.21,2024-08-13 15:25:05
D0321,Donor 321,AB Positive,42,Female,+917789138357,donor321@example.com,Chennai,926394,500 Chennai Street,Active,False,,,2025-06-17,2025-09-15,10,0.83,0,4829.17,2026-04-12 15:25:05
D0322,Donor 322,O Positive,63,Other,+918781559918,donor322@example.com,Kolkata,485604,387 Kolkata Street,Active,False,,,2026-02-11,2026-05-12,18,0.96,0,2733.08,2024-09-27 15:25:05
D0323,Donor 323,A Negative,29,Other,+918206955437,donor323@example.com,Chennai,225151,194 Chennai Street,Active,True,,,2025-06-22,2025-09-20,1,0.54,0,2142.54,2024-11-14 15:25:05
D0324,Donor 324,B Positive,63,Male,+916171543543,donor324@example.com,Bangalore,261169,476 Bangalore Street,Active,False,,,2026-06-04,2026-09-02,10,0.67,0,2984.4,2024-09-04 15:25:05
D0325,Donor 325,B Positive,38,Other,+916944729659,donor325@example.com,Ahmedabad,292800,267 Ahmedabad Street,Inactive,False,,,2025-08-29,2025-11-27,2,0.31,1,2079.66,2024-12-04 15:25:05
D0326,Donor 326,AB Positive,41,Female,+916938215334,donor326@example.com,Delhi,889216,317 Delhi Street,Active,True,,,2025-07-02,2025-09-30,16,0.67,0,2374.29,2024-11-09 15:25:05
D0327,Donor 327,O Positive,57,Other,+917047229693,donor327@example.com,Delhi,141814,350 Delhi Street,Active,False,,,2026-02-03,2026-05-04,10,0.95,0,1906.86,2026-02-10 15:25:05
D0328,Donor 328,AB Positive,41,Other,+919448071630,donor328@example.com,Kolkata,633447,229 Kolkata Street,Active,False,,,2026-05-25,2026-08-23,15,0.96,0,219.26,2024-08-08 15:25:05
D0329,Donor 329,A Negative,52,Other,+916031484632,donor329@example.com,Hyderabad,757386,34 Hyderabad Street,Active,True,,,2026-03-13,2026-06-11,6,0.99,0,3351.68,2025-10-31 15:25:05
D0330,Donor 330,AB Positive,22,Other,+918946534590,donor330@example.com,Delhi,261223,13 Delhi Street,Active,False,,,2025-07-10,2025-10-08,14,0.91,0,3584.34,2026-04-29 15:25:05
D0331,Donor 331,O Negative,32,Female,+917750769451,donor331@example.com,Delhi,506881,231 Delhi Street,Active,False,,,2025-08-25,2025-11-23,20,0.54,0,2022.24,2025-07-18 15:25:05
D0332,Donor 332,O Positive,22,Other,+918515167269,donor332@example.com,Pune,147727,359 Pune Street,Active,True,,,2025-07-13,2025-10-11,2,0.86,0,1788.5,2025-01-08 15:25:05
D0333,Donor 333,O Negative,46,Female,+917696998516,donor333@example.com,Kolkata,962057,339 Kolkata Street,Inactive,False,,,2026-01-03,2026-04-03,0,0.11,3,781.62,2025-10-24 15:25:05
D0334,Donor 334,A Positive,37,Other,+919809542002,donor334@example.com,Pune,933635,444 Pune Street,Inactive,False,,,2025-08-31,2025-11-29,20,0.25,2,4786.96,2026-05-26 15:25:05
D0335,Donor 335,A Positive,23,Female,+916902170293,donor335@example.com,Delhi,884645,380 Delhi Street,Active,False,,,2025-09-04,2025-12-03,11,0.77,0,1058.68,2024-08-14 15:25:05
D0336,Donor 336,A Positive,60,Other,+919660390742,donor336@example.com,Bangalore,157030,436 Bangalore Street,Active,False,,,2026-02-27,2026-05-28,17,0.56,0,2306.33,2024-11-21 15:25:05
D0337,Donor 337,O Negative,55,Female,+917420993922,donor337@example.com,Kolkata,474486,66 Kolkata Street,Active,False,,,2026-04-17,2026-07-16,20,0.6,0,1172.66,2025-08-19 15:25:05
D0338,Donor 338,O Negative,37,Other,+918508990774,donor338@example.com,Chennai,259797,290 Chennai Street,Active,False,,,2025-12-20,2026-03-20,18,0.81,0,1822.47,2025-07-18 15:25:05
D0339,Donor 339,AB Positive,59,Female,+917188330817,donor339@example.com,Bangalore,980919,185 Bangalore Street,Active,True,,,2026-02-13,2026-05-14,4,0.86,0,3397.9,2025-07-02 15:25:05
D0340,Donor 340,AB Negative,29,Other,+918605446007,donor340@example.com,Ahmedabad,185955,431 Ahmedabad Street,Active,False,,,2025-09-30,2025-12-29,8,0.78,0,4293.57,2026-01-14 15:25:05
D0341,Donor 341,A Negative,19,Other,+918712815143,donor341@example.com,Kolkata,132709,417 Kolkata Street,Inactive,False,,,2025-07-21,2025-10-19,18,0.03,3,3846.0,2025-11-01 15:25:05
D0342,Donor 342,O Positive,41,Female,+916959094724,donor342@example.com,Kolkata,909652,302 Kolkata Street,Active,False,,,2025-07-07,2025-10-05,9,0.89,0,669.41,2025-01-09 15:25:05
D0343,Donor 343,O Negative,57,Other,+916712292620,donor343@example.com,Pune,893988,264 Pune Street,Active,True,,,2025-07-02,2025-09-30,4,0.62,0,2231.1,2025-12-05 15:25:05
D0344,Donor 344,A Positive,34,Female,+917005102559,donor344@example.com,Ahmedabad,144887,343 Ahmedabad Street,Bridge Member,False,BRIDGE_3,4.0,2025-09-30,2025-12-29,6,0.62,2,1940.47,2025-02-26 15:25:05
D0345,Donor 345,O Positive,58,Female,+919585749068,donor345@example.com,Mumbai,877948,135 Mumbai Street,Bridge Member,False,BRIDGE_21,2.0,2025-06-11,2025-09-09,18,0.98,1,1883.3,2025-05-15 15:25:05
D0346,Donor 346,B Negative,40,Female,+918091054466,donor346@example.com,Delhi,931161,247 Delhi Street,Active,False,,,2026-02-12,2026-05-13,19,0.76,0,32.99,2026-01-15 15:25:05
D0347,Donor 347,AB Negative,28,Female,+918585657398,donor347@example.com,Bangalore,852146,419 Bangalore Street,Active,False,,,2026-02-18,2026-05-19,3,0.58,0,3305.55,2025-04-08 15:25:05
D0348,Donor 348,B Negative,28,Other,+919579275417,donor348@example.com,Delhi,530859,12 Delhi Street,Active,False,,,2025-10-04,2026-01-02,7,0.61,0,215.72,2024-10-27 15:25:05
D0349,Donor 349,A Positive,28,Female,+919961879157,donor349@example.com,Bangalore,288783,265 Bangalore Street,Active,True,,,2025-08-17,2025-11-15,12,0.57,0,2996.79,2024-11-06 15:25:05
D0350,Donor 350,O Positive,48,Male,+916942160389,donor350@example.com,Kolkata,970699,211 Kolkata Street,Bridge Member,False,BRIDGE_14,8.0,2025-07-31,2025-10-29,19,1.0,1,3973.08,2025-12-02 15:25:05
D0351,Donor 351,B Positive,22,Male,+917624405402,donor351@example.com,Bangalore,504186,68 Bangalore Street,Inactive,False,,,2025-12-13,2026-03-13,3,0.24,0,1011.74,2025-01-06 15:25:05
D0352,Donor 352,AB Positive,56,Male,+919769918874,donor352@example.com,Bangalore,921945,273 Bangalore Street,Active,True,,,2025-10-06,2026-01-04,16,0.95,0,3761.92,2026-03-03 15:25:05
D0353,Donor 353,AB Negative,51,Female,+917590759039,donor353@example.com,Bangalore,145548,358 Bangalore Street,Bridge Member,False,BRIDGE_35,1.0,2025-06-24,2025-09-22,16,0.82,3,1147.43,2025-01-29 15:25:05
D0354,Donor 354,AB Positive,48,Male,+919908786838,donor354@example.com,Hyderabad,187889,146 Hyderabad Street,Active,True,,,2025-11-01,2026-01-30,19,0.57,0,4383.83,2025-04-14 15:25:05
D0355,Donor 355,B Positive,51,Male,+917610741069,donor355@example.com,Chennai,786341,106 Chennai Street,Active,True,,,2025-08-15,2025-11-13,10,0.76,0,2044.23,2026-02-17 15:25:05
D0356,Donor 356,A Positive,45,Other,+917570429425,donor356@example.com,Pune,741603,142 Pune Street,Active,False,,,2026-01-24,2026-04-24,12,0.93,0,3774.86,2025-04-09 15:25:05
D0357,Donor 357,AB Negative,54,Female,+919325139990,donor357@example.com,Bangalore,839764,204 Bangalore Street,Active,False,,,2026-01-28,2026-04-28,4,0.99,0,4274.99,2024-07-31 15:25:05
D0358,Donor 358,O Negative,43,Female,+919439640577,donor358@example.com,Chennai,677321,315 Chennai Street,Active,True,,,2026-04-16,2026-07-15,1,0.61,0,803.69,2024-08-24 15:25:05
D0359,Donor 359,O Positive,45,Male,+916275223478,donor359@example.com,Delhi,375871,114 Delhi Street,Emergency,False,,,2025-10-08,2026-01-06,11,0.96,0,3045.14,2025-05-09 15:25:05
D0360,Donor 360,AB Positive,29,Other,+918123296018,donor360@example.com,Kolkata,560295,6 Kolkata Street,Inactive,False,,,2025-08-05,2025-11-03,6,0.31,2,973.73,2024-10-01 15:25:05
D0361,Donor 361,A Negative,28,Male,+917185139825,donor361@example.com,Bangalore,917546,205 Bangalore Street,Active,False,,,2026-02-04,2026-05-05,11,0.83,0,3348.31,2025-04-17 15:25:05
D0362,Donor 362,A Negative,64,Other,+919929933610,donor362@example.com,Mumbai,711248,179 Mumbai Street,Inactive,False,,,2026-05-02,2026-07-31,11,0.22,2,1131.48,2025-11-19 15:25:05
D0363,Donor 363,AB Negative,24,Other,+916310895379,donor363@example.com,Pune,627611,151 Pune Street,Active,False,,,2026-03-09,2026-06-07,10,0.7,0,4735.08,2024-12-28 15:25:05
D0364,Donor 364,B Positive,33,Female,+919331171506,donor364@example.com,Kolkata,581137,349 Kolkata Street,Active,False,,,2025-08-22,2025-11-20,14,0.74,0,4482.62,2026-05-09 15:25:05
D0365,Donor 365,AB Negative,32,Other,+919011528431,donor365@example.com,Delhi,341099,410 Delhi Street,Active,False,,,2025-07-17,2025-10-15,10,0.89,0,2062.13,2025-06-10 15:25:05
D0366,Donor 366,O Positive,39,Male,+918381780551,donor366@example.com,Kolkata,287155,244 Kolkata Street,Active,True,,,2025-11-14,2026-02-12,10,0.84,0,1767.69,2024-10-27 15:25:05
D0367,Donor 367,B Positive,33,Other,+917039624809,donor367@example.com,Bangalore,378297,106 Bangalore Street,Bridge Member,False,BRIDGE_44,4.0,2025-09-24,2025-12-23,7,0.87,1,4174.7,2024-09-11 15:25:05
D0368,Donor 368,B Negative,60,Female,+918636366799,donor368@example.com,Bangalore,106945,392 Bangalore Street,Inactive,False,,,2026-04-06,2026-07-05,17,0.27,0,4240.05,2025-05-22 15:25:05
D0369,Donor 369,B Negative,49,Male,+919282481668,donor369@example.com,Ahmedabad,635962,144 Ahmedabad Street,Emergency,False,,,2025-08-16,2025-11-14,12,0.93,1,3750.85,2026-01-26 15:25:05
D0370,Donor 370,O Positive,61,Male,+917963642008,donor370@example.com,Pune,226215,358 Pune Street,Active,True,,,2025-09-22,2025-12-21,16,0.67,0,2300.35,2024-07-01 15:25:05
D0371,Donor 371,O Positive,41,Other,+919701583308,donor371@example.com,Mumbai,372315,96 Mumbai Street,Active,False,,,2025-08-13,2025-11-11,17,0.55,0,1314.25,2025-09-04 15:25:05
D0372,Donor 372,AB Negative,62,Female,+917567998012,donor372@example.com,Hyderabad,995825,206 Hyderabad Street,Active,False,,,2025-11-01,2026-01-30,8,0.61,0,2253.64,2024-10-29 15:25:05
D0373,Donor 373,A Positive,53,Female,+919677818023,donor373@example.com,Chennai,499385,101 Chennai Street,Emergency,False,,,2026-01-19,2026-04-19,4,0.9,1,2364.94,2026-05-28 15:25:05
D0374,Donor 374,A Positive,53,Other,+916204909902,donor374@example.com,Pune,517754,51 Pune Street,Active,False,,,2025-09-30,2025-12-29,5,0.65,0,300.18,2025-09-19 15:25:05
D0375,Donor 375,AB Negative,53,Other,+919478991743,donor375@example.com,Delhi,370233,177 Delhi Street,Active,False,,,2026-01-24,2026-04-24,0,0.68,0,2058.8,2025-06-12 15:25:05
D0376,Donor 376,A Negative,49,Other,+917919550221,donor376@example.com,Bangalore,182216,196 Bangalore Street,Bridge Member,False,BRIDGE_19,6.0,2025-12-22,2026-03-22,19,0.84,2,2318.76,2026-01-09 15:25:05
D0377,Donor 377,A Positive,39,Male,+917346395203,donor377@example.com,Hyderabad,432270,335 Hyderabad Street,Active,False,,,2026-05-01,2026-07-30,9,0.54,0,3552.17,2024-09-25 15:25:05
D0378,Donor 378,AB Positive,51,Female,+917778069478,donor378@example.com,Kolkata,275445,95 Kolkata Street,Emergency,False,,,2025-12-03,2026-03-03,0,0.87,1,3638.86,2024-07-29 15:25:05
D0379,Donor 379,B Positive,48,Other,+916231178500,donor379@example.com,Delhi,127645,395 Delhi Street,Active,False,,,2026-04-15,2026-07-14,12,0.55,0,2619.91,2026-03-13 15:25:05
D0380,Donor 380,O Negative,42,Female,+916985076350,donor380@example.com,Kolkata,359414,378 Kolkata Street,Active,True,,,2025-07-06,2025-10-04,9,0.97,0,2215.8,2026-01-28 15:25:05
D0381,Donor 381,A Positive,47,Other,+917170011066,donor381@example.com,Bangalore,675191,228 Bangalore Street,Active,False,,,2025-12-22,2026-03-22,4,0.93,0,4847.71,2024-06-22 15:25:05
D0382,Donor 382,A Positive,52,Female,+919903795231,donor382@example.com,Ahmedabad,464032,247 Ahmedabad Street,Active,False,,,2025-09-11,2025-12-10,17,0.82,0,1135.64,2026-03-07 15:25:05
D0383,Donor 383,AB Negative,18,Other,+919502029525,donor383@example.com,Kolkata,895128,435 Kolkata Street,Active,False,,,2026-03-19,2026-06-17,4,0.65,0,1719.42,2025-02-11 15:25:05
D0384,Donor 384,O Positive,36,Other,+916993062551,donor384@example.com,Ahmedabad,935471,4 Ahmedabad Street,Bridge Member,False,BRIDGE_31,5.0,2026-06-02,2026-08-31,17,0.88,2,942.85,2024-11-09 15:25:05
D0385,Donor 385,AB Positive,23,Female,+918685741915,donor385@example.com,Pune,351198,265 Pune Street,Active,False,,,2025-11-25,2026-02-23,19,0.61,0,4037.87,2024-07-05 15:25:05
D0386,Donor 386,B Positive,22,Male,+916586795774,donor386@example.com,Kolkata,403662,57 Kolkata Street,Active,False,,,2025-11-07,2026-02-05,20,0.59,0,2276.72,2025-02-28 15:25:05
D0387,Donor 387,B Positive,52,Male,+916798595882,donor387@example.com,Ahmedabad,207241,145 Ahmedabad Street,Active,True,,,2026-03-21,2026-06-19,8,0.52,0,625.2,2025-03-15 15:25:05
D0388,Donor 388,O Positive,44,Female,+919374664629,donor388@example.com,Chennai,938297,256 Chennai Street,Active,True,,,2025-09-27,2025-12-26,11,0.61,0,2318.42,2026-05-05 15:25:05
D0389,Donor 389,B Negative,43,Male,+918332991673,donor389@example.com,Delhi,592984,93 Delhi Street,Emergency,False,,,2026-03-24,2026-06-22,6,0.53,2,4086.25,2026-05-25 15:25:05
D0390,Donor 390,O Negative,20,Male,+917979269680,donor390@example.com,Chennai,871041,395 Chennai Street,Active,False,,,2026-01-31,2026-05-01,3,0.87,0,2605.7,2025-11-05 15:25:05
D0391,Donor 391,AB Negative,64,Male,+919198567695,donor391@example.com,Pune,676276,267 Pune Street,Active,False,,,2025-12-23,2026-03-23,3,0.58,0,1266.56,2024-08-22 15:25:05
D0392,Donor 392,B Positive,25,Male,+918718323324,donor392@example.com,Chennai,555251,167 Chennai Street,Active,True,,,2025-06-30,2025-09-28,0,0.61,0,836.8,2025-08-28 15:25:05
D0393,Donor 393,O Negative,62,Female,+918956683572,donor393@example.com,Pune,725173,80 Pune Street,Inactive,False,,,2026-06-02,2026-08-31,11,0.23,0,1243.61,2025-01-11 15:25:05
D0394,Donor 394,O Negative,27,Other,+918303619991,donor394@example.com,Hyderabad,929912,55 Hyderabad Street,Bridge Member,False,BRIDGE_49,1.0,2026-05-07,2026-08-05,4,0.68,3,1163.37,2024-11-12 15:25:05
D0395,Donor 395,B Negative,26,Female,+919859728403,donor395@example.com,Ahmedabad,141406,249 Ahmedabad Street,Inactive,False,,,2026-05-27,2026-08-25,14,0.14,2,2713.67,2025-01-21 15:25:05
D0396,Donor 396,A Negative,56,Other,+916688669716,donor396@example.com,Bangalore,172222,272 Bangalore Street,Active,False,,,2025-10-10,2026-01-08,4,0.64,0,2246.92,2025-09-10 15:25:05
D0397,Donor 397,B Negative,57,Female,+919332965784,donor397@example.com,Ahmedabad,750324,123 Ahmedabad Street,Active,False,,,2026-03-04,2026-06-02,10,0.94,0,3605.02,2024-08-01 15:25:05
D0398,Donor 398,AB Positive,36,Female,+917760097041,donor398@example.com,Chennai,772036,165 Chennai Street,Active,False,,,2025-08-28,2025-11-26,3,0.58,0,481.28,2024-08-01 15:25:05
D0399,Donor 399,O Negative,20,Male,+916459798459,donor399@example.com,Mumbai,608947,99 Mumbai Street,Emergency,False,,,2026-04-01,2026-06-30,3,0.59,0,2855.06,2025-05-05 15:25:05
D0400,Donor 400,AB Negative,18,Male,+918816422066,donor400@example.com,Kolkata,615276,476 Kolkata Street,Active,True,,,2025-07-31,2025-10-29,2,0.86,0,2340.3,2024-08-21 15:25:05
D0401,Donor 401,O Positive,21,Other,+917141669467,donor401@example.com,Hyderabad,654718,21 Hyderabad Street,Active,False,,,2025-11-30,2026-02-28,2,0.9,0,4172.28,2026-03-19 15:25:05
D0402,Donor 402,A Negative,30,Other,+918821263164,donor402@example.com,Delhi,360846,292 Delhi Street,Active,True,,,2025-09-07,2025-12-06,20,0.69,0,4737.52,2024-11-12 15:25:05
D0403,Donor 403,AB Positive,60,Female,+919791700311,donor403@example.com,Delhi,209159,86 Delhi Street,Inactive,False,,,2025-08-15,2025-11-13,5,0.18,3,2523.46,2024-08-02 15:25:05
D0404,Donor 404,A Positive,44,Other,+917849361671,donor404@example.com,Ahmedabad,966286,372 Ahmedabad Street,Bridge Member,False,BRIDGE_21,9.0,2025-12-22,2026-03-22,10,0.92,1,2815.72,2025-10-30 15:25:05
D0405,Donor 405,AB Positive,18,Other,+916148876024,donor405@example.com,Kolkata,398301,306 Kolkata Street,Active,False,,,2025-10-20,2026-01-18,0,0.98,0,2588.05,2025-08-01 15:25:05
D0406,Donor 406,O Positive,62,Female,+919947556326,donor406@example.com,Kolkata,680557,262 Kolkata Street,Bridge Member,False,BRIDGE_14,6.0,2026-05-26,2026-08-24,17,0.89,1,471.44,2025-02-20 15:25:05
D0407,Donor 407,B Negative,34,Female,+916394729488,donor407@example.com,Bangalore,698199,205 Bangalore Street,Active,False,,,2025-08-12,2025-11-10,18,0.62,0,4589.41,2026-03-19 15:25:05
D0408,Donor 408,B Negative,20,Other,+919471798881,donor408@example.com,Ahmedabad,704277,196 Ahmedabad Street,Active,True,,,2025-08-06,2025-11-04,2,0.82,0,3900.61,2025-06-29 15:25:05
D0409,Donor 409,B Negative,56,Male,+918722524375,donor409@example.com,Pune,915182,324 Pune Street,Active,True,,,2026-02-10,2026-05-11,12,0.87,0,270.64,2024-12-17 15:25:05
D0410,Donor 410,O Positive,32,Male,+916216980930,donor410@example.com,Hyderabad,806357,375 Hyderabad Street,Active,True,,,2025-12-21,2026-03-21,12,0.75,0,4855.2,2024-10-05 15:25:05
D0411,Donor 411,O Negative,23,Female,+918454318650,donor411@example.com,Chennai,881519,26 Chennai Street,Active,False,,,2026-03-23,2026-06-21,17,0.57,0,1995.96,2026-03-11 15:25:05
D0412,Donor 412,AB Positive,30,Female,+917697881328,donor412@example.com,Pune,783932,293 Pune Street,Inactive,False,,,2026-04-01,2026-06-30,6,0.19,1,1211.58,2025-09-07 15:25:05
D0413,Donor 413,AB Positive,45,Female,+917495970877,donor413@example.com,Hyderabad,299742,165 Hyderabad Street,Active,True,,,2026-04-10,2026-07-09,11,0.84,0,2969.39,2026-05-13 15:25:05
D0414,Donor 414,B Positive,20,Male,+916857641458,donor414@example.com,Bangalore,818651,192 Bangalore Street,Bridge Member,False,BRIDGE_40,8.0,2025-07-22,2025-10-20,4,0.57,0,561.86,2026-04-12 15:25:05
D0415,Donor 415,A Negative,62,Male,+917310472034,donor415@example.com,Bangalore,571923,242 Bangalore Street,Emergency,False,,,2026-01-10,2026-04-10,0,0.51,2,1045.05,2024-12-03 15:25:05
D0416,Donor 416,A Negative,64,Male,+918985307816,donor416@example.com,Chennai,832697,343 Chennai Street,Active,False,,,2025-08-30,2025-11-28,0,0.74,0,1883.03,2024-07-27 15:25:05
D0417,Donor 417,O Positive,57,Female,+916227999411,donor417@example.com,Kolkata,587546,336 Kolkata Street,Active,False,,,2026-02-24,2026-05-25,0,0.89,0,332.99,2024-07-30 15:25:05
D0418,Donor 418,B Positive,59,Female,+916992861641,donor418@example.com,Hyderabad,499194,261 Hyderabad Street,Emergency,False,,,2026-05-28,2026-08-26,3,0.65,2,2423.31,2024-10-03 15:25:05
D0419,Donor 419,O Negative,19,Male,+917062541120,donor419@example.com,Bangalore,655132,157 Bangalore Street,Active,False,,,2025-08-23,2025-11-21,10,0.96,0,2449.66,2025-12-28 15:25:05
D0420,Donor 420,O Positive,50,Female,+919487053308,donor420@example.com,Hyderabad,165021,321 Hyderabad Street,Active,False,,,2025-07-21,2025-10-19,8,0.65,0,4393.39,2026-05-07 15:25:05
D0421,Donor 421,B Positive,64,Female,+918236466111,donor421@example.com,Chennai,810929,314 Chennai Street,Active,False,,,2025-07-05,2025-10-03,20,0.57,0,3432.62,2025-04-05 15:25:05
D0422,Donor 422,A Negative,52,Male,+916888015719,donor422@example.com,Bangalore,784167,71 Bangalore Street,Active,False,,,2025-08-01,2025-10-30,18,0.66,0,2706.77,2025-11-11 15:25:05
D0423,Donor 423,A Positive,27,Other,+918425987715,donor423@example.com,Kolkata,265725,163 Kolkata Street,Active,True,,,2025-10-29,2026-01-27,2,1.0,0,2786.7,2026-02-05 15:25:05
D0424,Donor 424,A Positive,38,Female,+917766312876,donor424@example.com,Hyderabad,418083,227 Hyderabad Street,Emergency,False,,,2026-03-24,2026-06-22,20,0.86,2,759.79,2025-11-26 15:25:05
D0425,Donor 425,O Negative,32,Other,+916997216402,donor425@example.com,Bangalore,342129,352 Bangalore Street,Active,False,,,2025-07-31,2025-10-29,0,0.78,0,1796.31,2024-07-02 15:25:05
D0426,Donor 426,AB Negative,29,Female,+918110742781,donor426@example.com,Bangalore,596864,71 Bangalore Street,Active,False,,,2025-06-07,2025-09-05,5,0.82,0,966.3,2026-05-04 15:25:05
D0427,Donor 427,AB Positive,31,Male,+916760545067,donor427@example.com,Mumbai,560623,444 Mumbai Street,Bridge Member,False,BRIDGE_27,4.0,2025-06-28,2025-09-26,19,0.99,3,3439.31,2025-02-23 15:25:05
D0428,Donor 428,A Negative,42,Other,+917343884495,donor428@example.com,Pune,513296,314 Pune Street,Active,True,,,2025-07-30,2025-10-28,18,0.87,0,2969.03,2024-12-16 15:25:05
D0429,Donor 429,O Positive,43,Other,+916168584421,donor429@example.com,Delhi,684791,199 Delhi Street,Active,True,,,2026-02-01,2026-05-02,16,0.76,0,3825.8,2026-04-17 15:25:05
D0430,Donor 430,A Negative,45,Female,+918633391667,donor430@example.com,Kolkata,157196,354 Kolkata Street,Active,False,,,2026-01-11,2026-04-11,16,0.73,0,4518.38,2025-02-17 15:25:05
D0431,Donor 431,AB Negative,62,Other,+916581137750,donor431@example.com,Delhi,512160,212 Delhi Street,Inactive,False,,,2026-04-10,2026-07-09,10,0.23,3,124.56,2025-02-27 15:25:05
D0432,Donor 432,A Negative,63,Male,+919085395924,donor432@example.com,Ahmedabad,868881,64 Ahmedabad Street,Active,False,,,2025-06-17,2025-09-15,2,0.82,0,570.82,2025-03-03 15:25:05
D0433,Donor 433,B Negative,28,Female,+918363717591,donor433@example.com,Delhi,499095,23 Delhi Street,Active,False,,,2025-09-18,2025-12-17,5,0.81,0,4561.26,2024-11-04 15:25:05
D0434,Donor 434,A Positive,21,Female,+917323117098,donor434@example.com,Bangalore,424553,374 Bangalore Street,Emergency,False,,,2026-03-07,2026-06-05,14,0.88,2,3132.26,2026-02-06 15:25:05
D0435,Donor 435,A Positive,49,Other,+919467990956,donor435@example.com,Chennai,106029,312 Chennai Street,Active,False,,,2026-05-31,2026-08-29,15,0.73,0,1189.39,2024-10-12 15:25:05
D0436,Donor 436,AB Negative,33,Other,+917194485961,donor436@example.com,Ahmedabad,749871,322 Ahmedabad Street,Active,True,,,2025-08-03,2025-11-01,17,0.8,0,4100.61,2025-11-06 15:25:05
D0437,Donor 437,O Positive,20,Other,+918482889288,donor437@example.com,Bangalore,978721,309 Bangalore Street,Active,False,,,2026-05-19,2026-08-17,9,0.57,0,1655.56,2026-03-09 15:25:05
D0438,Donor 438,O Positive,57,Other,+918970028366,donor438@example.com,Delhi,833842,305 Delhi Street,Active,True,,,2026-03-16,2026-06-14,18,0.84,0,3936.54,2025-12-07 15:25:05
D0439,Donor 439,AB Negative,42,Male,+919257483542,donor439@example.com,Hyderabad,548081,432 Hyderabad Street,Bridge Member,False,BRIDGE_6,5.0,2025-12-23,2026-03-23,17,0.68,0,1464.16,2026-01-20 15:25:05
D0440,Donor 440,O Negative,31,Other,+916249900899,donor440@example.com,Kolkata,214611,293 Kolkata Street,Active,False,,,2025-09-11,2025-12-10,20,0.6,0,2644.73,2026-03-09 15:25:05
D0441,Donor 441,AB Negative,57,Female,+919981887252,donor441@example.com,Kolkata,236014,315 Kolkata Street,Active,False,,,2026-01-25,2026-04-25,18,0.76,0,2481.98,2024-08-28 15:25:05
D0442,Donor 442,AB Negative,36,Male,+916006789986,donor442@example.com,Ahmedabad,223949,13 Ahmedabad Street,Emergency,False,,,2025-07-29,2025-10-27,14,0.62,0,3687.34,2025-11-06 15:25:05
D0443,Donor 443,AB Positive,31,Male,+918751434706,donor443@example.com,Pune,310960,354 Pune Street,Active,False,,,2025-08-24,2025-11-22,9,0.9,0,1272.09,2026-03-29 15:25:05
D0444,Donor 444,B Positive,39,Female,+917701018911,donor444@example.com,Kolkata,859584,292 Kolkata Street,Active,False,,,2026-06-03,2026-09-01,19,0.56,0,4800.56,2025-12-09 15:25:05
D0445,Donor 445,A Negative,48,Male,+918773055184,donor445@example.com,Hyderabad,242348,247 Hyderabad Street,Emergency,False,,,2025-06-27,2025-09-25,4,0.74,3,4460.29,2024-12-04 15:25:05
D0446,Donor 446,B Negative,51,Female,+918426410155,donor446@example.com,Ahmedabad,860180,348 Ahmedabad Street,Inactive,False,,,2025-11-07,2026-02-05,10,0.02,0,1041.31,2024-07-05 15:25:05
D0447,Donor 447,B Negative,39,Female,+918690843594,donor447@example.com,Hyderabad,660226,432 Hyderabad Street,Active,True,,,2026-01-14,2026-04-14,5,0.92,0,2854.91,2025-05-04 15:25:05
D0448,Donor 448,A Positive,38,Other,+916135842149,donor448@example.com,Delhi,384685,212 Delhi Street,Emergency,False,,,2025-12-31,2026-03-31,2,0.85,3,4385.24,2025-05-22 15:25:05
D0449,Donor 449,AB Negative,20,Male,+919922824898,donor449@example.com,Kolkata,197102,228 Kolkata Street,Active,False,,,2026-03-09,2026-06-07,16,0.56,0,124.67,2025-01-28 15:25:05
D0450,Donor 450,A Positive,38,Male,+919304897412,donor450@example.com,Chennai,203024,421 Chennai Street,Active,False,,,2025-09-11,2025-12-10,16,0.66,0,3383.59,2026-01-22 15:25:05
D0451,Donor 451,A Negative,20,Other,+919642664934,donor451@example.com,Mumbai,723155,447 Mumbai Street,Active,True,,,2026-06-04,2026-09-02,2,0.66,0,1666.45,2026-04-20 15:25:05
D0452,Donor 452,O Negative,38,Male,+916826977245,donor452@example.com,Kolkata,400487,142 Kolkata Street,Active,False,,,2025-07-14,2025-10-12,17,0.95,0,1595.75,2025-03-12 15:25:05
D0453,Donor 453,O Negative,57,Other,+918207873733,donor453@example.com,Kolkata,207348,106 Kolkata Street,Active,False,,,2026-04-09,2026-07-08,17,0.51,0,1751.59,2025-07-15 15:25:05
D0454,Donor 454,B Positive,37,Other,+919832154946,donor454@example.com,Bangalore,455193,277 Bangalore Street,Bridge Member,False,BRIDGE_19,10.0,2026-02-01,2026-05-02,14,0.59,0,650.37,2025-02-09 15:25:05
D0455,Donor 455,O Positive,63,Other,+919828000822,donor455@example.com,Delhi,721549,323 Delhi Street,Active,True,,,2025-10-31,2026-01-29,14,0.7,0,3081.58,2025-07-22 15:25:05
D0456,Donor 456,B Negative,47,Other,+916566056427,donor456@example.com,Chennai,197429,417 Chennai Street,Inactive,False,,,2025-06-28,2025-09-26,14,0.03,0,2277.92,2024-07-06 15:25:05
D0457,Donor 457,AB Negative,57,Female,+919920710774,donor457@example.com,Ahmedabad,481104,201 Ahmedabad Street,Active,True,,,2026-03-25,2026-06-23,5,0.93,0,3498.07,2024-07-25 15:25:05
D0458,Donor 458,B Negative,40,Female,+917981017924,donor458@example.com,Hyderabad,986850,88 Hyderabad Street,Active,True,,,2026-05-04,2026-08-02,9,0.74,0,3839.71,2024-09-26 15:25:05
D0459,Donor 459,A Positive,22,Female,+918288124783,donor459@example.com,Delhi,583367,206 Delhi Street,Active,True,,,2025-12-22,2026-03-22,18,0.78,0,2067.21,2024-09-09 15:25:05
D0460,Donor 460,A Negative,62,Other,+917851768689,donor460@example.com,Bangalore,922412,223 Bangalore Street,Bridge Member,False,BRIDGE_25,2.0,2025-12-14,2026-03-14,18,0.6,2,2722.63,2025-10-08 15:25:05
D0461,Donor 461,A Positive,55,Other,+917988176599,donor461@example.com,Delhi,441183,285 Delhi Street,Inactive,False,,,2025-06-07,2025-09-05,3,0.19,3,880.87,2025-04-17 15:25:05
D0462,Donor 462,O Negative,60,Male,+916388836304,donor462@example.com,Delhi,328182,419 Delhi Street,Active,False,,,2025-12-21,2026-03-21,4,0.75,0,4436.31,2024-08-24 15:25:05
D0463,Donor 463,O Positive,57,Other,+917920536604,donor463@example.com,Bangalore,305171,106 Bangalore Street,Active,False,,,2025-09-07,2025-12-06,10,0.65,0,1498.68,2024-07-11 15:25:05
D0464,Donor 464,B Positive,57,Other,+917736014680,donor464@example.com,Pune,988811,66 Pune Street,Inactive,False,,,2025-12-12,2026-03-12,9,0.23,0,1846.11,2024-11-21 15:25:05
D0465,Donor 465,O Positive,19,Male,+917854203954,donor465@example.com,Mumbai,836333,303 Mumbai Street,Inactive,False,,,2025-12-05,2026-03-05,12,0.11,2,3558.87,2025-04-17 15:25:05
D0466,Donor 466,AB Positive,53,Female,+919622064762,donor466@example.com,Pune,477789,431 Pune Street,Active,True,,,2025-10-06,2026-01-04,13,0.57,0,771.34,2024-07-20 15:25:05
D0467,Donor 467,A Positive,49,Other,+917875763024,donor467@example.com,Bangalore,242371,44 Bangalore Street,Active,True,,,2026-03-25,2026-06-23,4,0.86,0,3211.21,2025-04-07 15:25:05
D0468,Donor 468,AB Negative,46,Female,+917526032931,donor468@example.com,Pune,336706,96 Pune Street,Active,False,,,2025-09-19,2025-12-18,13,0.71,0,3022.87,2024-10-23 15:25:05
D0469,Donor 469,AB Negative,41,Male,+916162629078,donor469@example.com,Chennai,695748,248 Chennai Street,Inactive,False,,,2026-01-20,2026-04-20,11,0.22,0,2901.34,2024-06-29 15:25:05
D0470,Donor 470,O Negative,35,Female,+918220281423,donor470@example.com,Bangalore,182034,268 Bangalore Street,Inactive,False,,,2025-09-10,2025-12-09,19,0.39,0,1226.16,2024-08-30 15:25:05
D0471,Donor 471,O Negative,48,Female,+918201871277,donor471@example.com,Kolkata,592025,294 Kolkata Street,Active,False,,,2025-09-06,2025-12-05,10,0.89,0,2105.08,2025-08-09 15:25:05
D0472,Donor 472,B Positive,58,Female,+918483097086,donor472@example.com,Bangalore,277292,294 Bangalore Street,Active,False,,,2025-08-22,2025-11-20,1,0.63,0,3281.6,2025-08-12 15:25:05
D0473,Donor 473,O Positive,35,Female,+916569249644,donor473@example.com,Kolkata,745710,144 Kolkata Street,Active,True,,,2025-09-21,2025-12-20,8,0.54,0,4289.29,2026-05-23 15:25:05
D0474,Donor 474,O Negative,29,Female,+919360930901,donor474@example.com,Bangalore,834815,121 Bangalore Street,Bridge Member,False,BRIDGE_48,3.0,2025-07-04,2025-10-02,15,0.72,1,3996.86,2026-05-04 15:25:05
D0475,Donor 475,B Negative,44,Female,+917021976457,donor475@example.com,Delhi,792759,226 Delhi Street,Bridge Member,False,BRIDGE_39,3.0,2025-09-26,2025-12-25,20,0.88,1,1054.28,2025-06-18 15:25:05
D0476,Donor 476,O Positive,48,Female,+918045547915,donor476@example.com,Kolkata,882395,486 Kolkata Street,Inactive,False,,,2026-04-08,2026-07-07,17,0.19,1,1899.0,2024-06-14 15:25:05
D0477,Donor 477,AB Positive,46,Female,+918914107002,donor477@example.com,Ahmedabad,431023,493 Ahmedabad Street,Active,False,,,2026-05-31,2026-08-29,16,0.64,0,3414.38,2026-04-25 15:25:05
D0478,Donor 478,O Negative,39,Female,+917147133409,donor478@example.com,Hyderabad,941289,51 Hyderabad Street,Bridge Member,False,BRIDGE_28,10.0,2025-07-08,2025-10-06,8,0.93,3,2305.54,2024-07-15 15:25:05
D0479,Donor 479,A Negative,61,Male,+919572079205,donor479@example.com,Chennai,171252,7 Chennai Street,Active,True,,,2025-12-28,2026-03-28,13,0.77,0,488.49,2026-02-20 15:25:05
D0480,Donor 480,AB Negative,19,Other,+916394884830,donor480@example.com,Hyderabad,159645,481 Hyderabad Street,Active,False,,,2026-01-29,2026-04-29,19,0.6,0,3283.03,2025-10-27 15:25:05
D0481,Donor 481,O Negative,59,Other,+919449717996,donor481@example.com,Delhi,293743,459 Delhi Street,Active,True,,,2025-11-26,2026-02-24,3,0.83,0,3478.27,2025-09-20 15:25:05
D0482,Donor 482,B Positive,35,Female,+918973068647,donor482@example.com,Ahmedabad,800007,395 Ahmedabad Street,Active,True,,,2025-07-14,2025-10-12,10,0.73,0,1286.68,2026-03-23 15:25:05
D0483,Donor 483,B Positive,34,Male,+917892254518,donor483@example.com,Mumbai,172769,252 Mumbai Street,Active,False,,,2026-05-07,2026-08-05,6,0.63,0,3051.51,2025-12-06 15:25:05
D0484,Donor 484,AB Negative,24,Female,+919072620983,donor484@example.com,Delhi,371577,53 Delhi Street,Active,False,,,2026-02-15,2026-05-16,1,0.81,0,364.6,2024-10-29 15:25:05
D0485,Donor 485,B Positive,18,Male,+918854460322,donor485@example.com,Ahmedabad,509451,137 Ahmedabad Street,Active,False,,,2026-03-22,2026-06-20,4,0.83,0,3500.28,2025-05-02 15:25:05
D0486,Donor 486,O Positive,18,Female,+918960354769,donor486@example.com,Ahmedabad,957710,400 Ahmedabad Street,Active,False,,,2026-05-02,2026-07-31,15,0.77,0,606.02,2024-12-05 15:25:05
D0487,Donor 487,B Negative,59,Male,+917569189330,donor487@example.com,Hyderabad,660596,437 Hyderabad Street,Active,False,,,2026-05-09,2026-08-07,10,0.82,0,402.28,2025-02-21 15:25:05
D0488,Donor 488,B Positive,37,Other,+917675487027,donor488@example.com,Chennai,211954,323 Chennai Street,Active,True,,,2025-11-22,2026-02-20,11,0.83,0,2432.52,2024-08-28 15:25:05
D0489,Donor 489,AB Negative,55,Male,+918101237808,donor489@example.com,Chennai,507652,33 Chennai Street,Active,True,,,2026-05-25,2026-08-23,17,0.86,0,3217.04,2025-01-11 15:25:05
D0490,Donor 490,AB Negative,20,Female,+916507609787,donor490@example.com,Mumbai,321960,414 Mumbai Street,Active,True,,,2025-12-16,2026-03-16,20,0.89,0,3336.58,2025-02-22 15:25:05
D0491,Donor 491,A Positive,48,Other,+916196716790,donor491@example.com,Chennai,354471,360 Chennai Street,Bridge Member,False,BRIDGE_3,3.0,2025-09-29,2025-12-28,20,0.83,1,71.83,2024-08-28 15:25:05
D0492,Donor 492,O Positive,28,Other,+916274695850,donor492@example.com,Kolkata,957525,419 Kolkata Street,Emergency,False,,,2026-04-18,2026-07-17,3,0.73,0,2485.72,2024-09-14 15:25:05
D0493,Donor 493,A Negative,65,Other,+917726613833,donor493@example.com,Delhi,439984,62 Delhi Street,Emergency,False,,,2025-10-31,2026-01-29,18,0.67,1,1607.95,2025-10-31 15:25:05
D0494,Donor 494,O Positive,44,Male,+918990567626,donor494@example.com,Bangalore,487896,284 Bangalore Street,Active,True,,,2026-01-17,2026-04-17,5,0.57,0,2193.31,2024-10-19 15:25:05
D0495,Donor 495,O Positive,49,Male,+916027271239,donor495@example.com,Bangalore,107574,92 Bangalore Street,Active,False,,,2026-03-18,2026-06-16,2,0.51,0,3533.71,2024-10-07 15:25:05
D0496,Donor 496,B Positive,27,Other,+917163720296,donor496@example.com,Pune,648496,231 Pune Street,Active,False,,,2025-06-17,2025-09-15,13,0.56,0,1196.27,2025-12-10 15:25:05
D0497,Donor 497,O Positive,37,Female,+917798671637,donor497@example.com,Bangalore,104792,286 Bangalore Street,Inactive,False,,,2025-07-28,2025-10-26,7,0.25,1,587.54,2024-12-11 15:25:05
D0498,Donor 498,O Negative,47,Other,+918831788593,donor498@example.com,Hyderabad,318217,142 Hyderabad Street,Emergency,False,,,2025-09-03,2025-12-02,1,0.75,1,563.4,2026-01-05 15:25:05
D0499,Donor 499,AB Negative,36,Male,+917866900511,donor499@example.com,Ahmedabad,363592,172 Ahmedabad Street,Active,True,,,2026-05-10,2026-08-08,19,0.82,0,4025.77,2025-02-27 15:25:05
D0500,Donor 500,O Positive,49,Other,+916498495745,donor500@example.com,Delhi,174301,459 Delhi Street,Inactive,False,,,2025-09-04,2025-12-03,7,0.31,3,2963.53,2025-07-08 15:25:05
